CV-Fold,Regularisation (Alpha),Learning Rate,Steps,Random State,Accuracy,Mean Accuracy,Varied
0,1e-06,0.1,50,999,0.8881469115191987,0.9137451307735115,Regularisation
1,1e-06,0.1,50,999,0.9432387312186978,0.9137451307735115,Regularisation
2,1e-06,0.1,50,999,0.9098497495826378,0.9137451307735115,Regularisation
0,1.1090909090909092e-05,0.1,50,999,0.8831385642737897,0.9176405119643851,Regularisation
1,1.1090909090909092e-05,0.1,50,999,0.9482470784641068,0.9176405119643851,Regularisation
2,1.1090909090909092e-05,0.1,50,999,0.9215358931552587,0.9176405119643851,Regularisation
0,2.1181818181818184e-05,0.1,50,999,0.8814691151919867,0.9126321647189761,Regularisation
1,2.1181818181818184e-05,0.1,50,999,0.9465776293823038,0.9126321647189761,Regularisation
2,2.1181818181818184e-05,0.1,50,999,0.9098497495826378,0.9126321647189761,Regularisation
0,3.127272727272727e-05,0.1,50,999,0.8781302170283807,0.9065108514190318,Regularisation
1,3.127272727272727e-05,0.1,50,999,0.9365609348914858,0.9065108514190318,Regularisation
2,3.127272727272727e-05,0.1,50,999,0.9048414023372288,0.9065108514190318,Regularisation
0,4.1363636363636364e-05,0.1,50,999,0.8714524207011686,0.9053978853644963,Regularisation
1,4.1363636363636364e-05,0.1,50,999,0.9415692821368948,0.9053978853644963,Regularisation
2,4.1363636363636364e-05,0.1,50,999,0.9031719532554258,0.9053978853644963,Regularisation
0,5.1454545454545455e-05,0.1,50,999,0.8764607679465777,0.9048414023372287,Regularisation
1,5.1454545454545455e-05,0.1,50,999,0.9282136894824707,0.9048414023372287,Regularisation
2,5.1454545454545455e-05,0.1,50,999,0.9098497495826378,0.9048414023372287,Regularisation
0,6.154545454545455e-05,0.1,50,999,0.8864774624373957,0.9148580968280468,Regularisation
1,6.154545454545455e-05,0.1,50,999,0.9449081803005008,0.9148580968280468,Regularisation
2,6.154545454545455e-05,0.1,50,999,0.9131886477462438,0.9148580968280468,Regularisation
0,7.163636363636365e-05,0.1,50,999,0.8898163606010017,0.904284919309961,Regularisation
1,7.163636363636365e-05,0.1,50,999,0.9298831385642737,0.904284919309961,Regularisation
2,7.163636363636365e-05,0.1,50,999,0.8931552587646077,0.904284919309961,Regularisation
0,8.172727272727273e-05,0.1,50,999,0.8764607679465777,0.8981636060100167,Regularisation
1,8.172727272727273e-05,0.1,50,999,0.9265442404006677,0.8981636060100167,Regularisation
2,8.172727272727273e-05,0.1,50,999,0.8914858096828047,0.8981636060100167,Regularisation
0,9.181818181818182e-05,0.1,50,999,0.8797996661101837,0.8981636060100167,Regularisation
1,9.181818181818182e-05,0.1,50,999,0.9332220367278798,0.8981636060100167,Regularisation
2,9.181818181818182e-05,0.1,50,999,0.8814691151919867,0.8981636060100167,Regularisation
0,0.00010190909090909091,0.1,50,999,0.8764607679465777,0.8953811908736783,Regularisation
1,0.00010190909090909091,0.1,50,999,0.9181969949916527,0.8953811908736783,Regularisation
2,0.00010190909090909091,0.1,50,999,0.8914858096828047,0.8953811908736783,Regularisation
0,0.00011200000000000001,0.1,50,999,0.8747913188647746,0.8948247078464107,Regularisation
1,0.00011200000000000001,0.1,50,999,0.9315525876460768,0.8948247078464107,Regularisation
2,0.00011200000000000001,0.1,50,999,0.8781302170283807,0.8948247078464107,Regularisation
0,0.0001220909090909091,0.1,50,999,0.8814691151919867,0.89259877573734,Regularisation
1,0.0001220909090909091,0.1,50,999,0.9298831385642737,0.89259877573734,Regularisation
2,0.0001220909090909091,0.1,50,999,0.8664440734557596,0.89259877573734,Regularisation
0,0.00013218181818181818,0.1,50,999,0.8564273789649416,0.8870339454646633,Regularisation
1,0.00013218181818181818,0.1,50,999,0.9265442404006677,0.8870339454646633,Regularisation
2,0.00013218181818181818,0.1,50,999,0.8781302170283807,0.8870339454646633,Regularisation
0,0.0001422727272727273,0.1,50,999,0.8547579298831386,0.8914858096828047,Regularisation
1,0.0001422727272727273,0.1,50,999,0.9232053422370617,0.8914858096828047,Regularisation
2,0.0001422727272727273,0.1,50,999,0.8964941569282137,0.8914858096828047,Regularisation
0,0.00015236363636363638,0.1,50,999,0.8631051752921536,0.890929326655537,Regularisation
1,0.00015236363636363638,0.1,50,999,0.9181969949916527,0.890929326655537,Regularisation
2,0.00015236363636363638,0.1,50,999,0.8914858096828047,0.890929326655537,Regularisation
0,0.00016245454545454546,0.1,50,999,0.8430717863105175,0.8887033945464663,Regularisation
1,0.00016245454545454546,0.1,50,999,0.9282136894824707,0.8887033945464663,Regularisation
2,0.00016245454545454546,0.1,50,999,0.8948247078464107,0.8887033945464663,Regularisation
0,0.00017254545454545455,0.1,50,999,0.8580968280467446,0.8814691151919867,Regularisation
1,0.00017254545454545455,0.1,50,999,0.9031719532554258,0.8814691151919867,Regularisation
2,0.00017254545454545455,0.1,50,999,0.8831385642737897,0.8814691151919867,Regularisation
0,0.00018263636363636363,0.1,50,999,0.8797996661101837,0.8898163606010017,Regularisation
1,0.00018263636363636363,0.1,50,999,0.8998330550918197,0.8898163606010017,Regularisation
2,0.00018263636363636363,0.1,50,999,0.8898163606010017,0.8898163606010017,Regularisation
0,0.00019272727272727274,0.1,50,999,0.8747913188647746,0.880912632164719,Regularisation
1,0.00019272727272727274,0.1,50,999,0.9031719532554258,0.880912632164719,Regularisation
2,0.00019272727272727274,0.1,50,999,0.8647746243739566,0.880912632164719,Regularisation
0,0.00020281818181818183,0.1,50,999,0.8781302170283807,0.8914858096828047,Regularisation
1,0.00020281818181818183,0.1,50,999,0.9098497495826378,0.8914858096828047,Regularisation
2,0.00020281818181818183,0.1,50,999,0.8864774624373957,0.8914858096828047,Regularisation
0,0.00021290909090909091,0.1,50,999,0.8697829716193656,0.8948247078464107,Regularisation
1,0.00021290909090909091,0.1,50,999,0.9248747913188647,0.8948247078464107,Regularisation
2,0.00021290909090909091,0.1,50,999,0.8898163606010017,0.8948247078464107,Regularisation
0,0.00022300000000000003,0.1,50,999,0.8397328881469115,0.8653311074012242,Regularisation
1,0.00022300000000000003,0.1,50,999,0.9215358931552587,0.8653311074012242,Regularisation
2,0.00022300000000000003,0.1,50,999,0.8347245409015025,0.8653311074012242,Regularisation
0,0.0002330909090909091,0.1,50,999,0.8781302170283807,0.884251530328325,Regularisation
1,0.0002330909090909091,0.1,50,999,0.9131886477462438,0.884251530328325,Regularisation
2,0.0002330909090909091,0.1,50,999,0.8614357262103506,0.884251530328325,Regularisation
0,0.0002431818181818182,0.1,50,999,0.8313856427378965,0.8670005564830273,Regularisation
1,0.0002431818181818182,0.1,50,999,0.9232053422370617,0.8670005564830273,Regularisation
2,0.0002431818181818182,0.1,50,999,0.8464106844741235,0.8670005564830273,Regularisation
0,0.0002532727272727273,0.1,50,999,0.8397328881469115,0.8820255982192543,Regularisation
1,0.0002532727272727273,0.1,50,999,0.9098497495826378,0.8820255982192543,Regularisation
2,0.0002532727272727273,0.1,50,999,0.8964941569282137,0.8820255982192543,Regularisation
0,0.0002633636363636364,0.1,50,999,0.8096828046744574,0.8469671675013912,Regularisation
1,0.0002633636363636364,0.1,50,999,0.8664440734557596,0.8469671675013912,Regularisation
2,0.0002633636363636364,0.1,50,999,0.8647746243739566,0.8469671675013912,Regularisation
0,0.0002734545454545455,0.1,50,999,0.8464106844741235,0.8681135225375626,Regularisation
1,0.0002734545454545455,0.1,50,999,0.8914858096828047,0.8681135225375626,Regularisation
2,0.0002734545454545455,0.1,50,999,0.8664440734557596,0.8681135225375626,Regularisation
0,0.0002835454545454546,0.1,50,999,0.8747913188647746,0.8831385642737897,Regularisation
1,0.0002835454545454546,0.1,50,999,0.9115191986644408,0.8831385642737897,Regularisation
2,0.0002835454545454546,0.1,50,999,0.8631051752921536,0.8831385642737897,Regularisation
0,0.0002936363636363637,0.1,50,999,0.8313856427378965,0.8514190317195326,Regularisation
1,0.0002936363636363637,0.1,50,999,0.8898163606010017,0.8514190317195326,Regularisation
2,0.0002936363636363637,0.1,50,999,0.8330550918196995,0.8514190317195326,Regularisation
0,0.0003037272727272728,0.1,50,999,0.8564273789649416,0.8675570395102948,Regularisation
1,0.0003037272727272728,0.1,50,999,0.9098497495826378,0.8675570395102948,Regularisation
2,0.0003037272727272728,0.1,50,999,0.8363939899833055,0.8675570395102948,Regularisation
0,0.00031381818181818187,0.1,50,999,0.8247078464106845,0.8703394546466333,Regularisation
1,0.00031381818181818187,0.1,50,999,0.9115191986644408,0.8703394546466333,Regularisation
2,0.00031381818181818187,0.1,50,999,0.8747913188647746,0.8703394546466333,Regularisation
0,0.00032390909090909096,0.1,50,999,0.8363939899833055,0.8558708959376738,Regularisation
1,0.00032390909090909096,0.1,50,999,0.8914858096828047,0.8558708959376738,Regularisation
2,0.00032390909090909096,0.1,50,999,0.8397328881469115,0.8558708959376738,Regularisation
0,0.00033400000000000004,0.1,50,999,0.8747913188647746,0.8831385642737897,Regularisation
1,0.00033400000000000004,0.1,50,999,0.9148580968280468,0.8831385642737897,Regularisation
2,0.00033400000000000004,0.1,50,999,0.8597662771285476,0.8831385642737897,Regularisation
0,0.0003440909090909091,0.1,50,999,0.8764607679465777,0.8764607679465777,Regularisation
1,0.0003440909090909091,0.1,50,999,0.8998330550918197,0.8764607679465777,Regularisation
2,0.0003440909090909091,0.1,50,999,0.8530884808013356,0.8764607679465777,Regularisation
0,0.0003541818181818182,0.1,50,999,0.8464106844741235,0.8597662771285476,Regularisation
1,0.0003541818181818182,0.1,50,999,0.8914858096828047,0.8597662771285476,Regularisation
2,0.0003541818181818182,0.1,50,999,0.8414023372287145,0.8597662771285476,Regularisation
0,0.0003642727272727273,0.1,50,999,0.8697829716193656,0.872565386755704,Regularisation
1,0.0003642727272727273,0.1,50,999,0.9031719532554258,0.872565386755704,Regularisation
2,0.0003642727272727273,0.1,50,999,0.8447412353923205,0.872565386755704,Regularisation
0,0.00037436363636363643,0.1,50,999,0.8597662771285476,0.8681135225375626,Regularisation
1,0.00037436363636363643,0.1,50,999,0.8697829716193656,0.8681135225375626,Regularisation
2,0.00037436363636363643,0.1,50,999,0.8747913188647746,0.8681135225375626,Regularisation
0,0.0003844545454545455,0.1,50,999,0.8631051752921536,0.8753478018920423,Regularisation
1,0.0003844545454545455,0.1,50,999,0.8931552587646077,0.8753478018920423,Regularisation
2,0.0003844545454545455,0.1,50,999,0.8697829716193656,0.8753478018920423,Regularisation
0,0.0003945454545454546,0.1,50,999,0.8163606010016694,0.8514190317195324,Regularisation
1,0.0003945454545454546,0.1,50,999,0.8931552587646077,0.8514190317195324,Regularisation
2,0.0003945454545454546,0.1,50,999,0.8447412353923205,0.8514190317195324,Regularisation
0,0.0004046363636363637,0.1,50,999,0.8330550918196995,0.8592097941012801,Regularisation
1,0.0004046363636363637,0.1,50,999,0.9031719532554258,0.8592097941012801,Regularisation
2,0.0004046363636363637,0.1,50,999,0.8414023372287145,0.8592097941012801,Regularisation
0,0.0004147272727272728,0.1,50,999,0.8280467445742905,0.8592097941012798,Regularisation
1,0.0004147272727272728,0.1,50,999,0.8731218697829716,0.8592097941012798,Regularisation
2,0.0004147272727272728,0.1,50,999,0.8764607679465777,0.8592097941012798,Regularisation
0,0.00042481818181818186,0.1,50,999,0.8631051752921536,0.8447412353923206,Regularisation
1,0.00042481818181818186,0.1,50,999,0.8631051752921536,0.8447412353923206,Regularisation
2,0.00042481818181818186,0.1,50,999,0.8080133555926544,0.8447412353923206,Regularisation
0,0.00043490909090909094,0.1,50,999,0.7879799666110183,0.8464106844741236,Regularisation
1,0.00043490909090909094,0.1,50,999,0.8731218697829716,0.8464106844741236,Regularisation
2,0.00043490909090909094,0.1,50,999,0.8781302170283807,0.8464106844741236,Regularisation
0,0.0004450000000000001,0.1,50,999,0.8363939899833055,0.8414023372287146,Regularisation
1,0.0004450000000000001,0.1,50,999,0.8781302170283807,0.8414023372287146,Regularisation
2,0.0004450000000000001,0.1,50,999,0.8096828046744574,0.8414023372287146,Regularisation
0,0.00045509090909090917,0.1,50,999,0.8163606010016694,0.8697829716193656,Regularisation
1,0.00045509090909090917,0.1,50,999,0.9232053422370617,0.8697829716193656,Regularisation
2,0.00045509090909090917,0.1,50,999,0.8697829716193656,0.8697829716193656,Regularisation
0,0.00046518181818181825,0.1,50,999,0.8898163606010017,0.8803561491374513,Regularisation
1,0.00046518181818181825,0.1,50,999,0.8781302170283807,0.8803561491374513,Regularisation
2,0.00046518181818181825,0.1,50,999,0.8731218697829716,0.8803561491374513,Regularisation
0,0.00047527272727272734,0.1,50,999,0.8163606010016694,0.8553144129104062,Regularisation
1,0.00047527272727272734,0.1,50,999,0.8831385642737897,0.8553144129104062,Regularisation
2,0.00047527272727272734,0.1,50,999,0.8664440734557596,0.8553144129104062,Regularisation
0,0.0004853636363636364,0.1,50,999,0.8731218697829716,0.8508625486922649,Regularisation
1,0.0004853636363636364,0.1,50,999,0.8914858096828047,0.8508625486922649,Regularisation
2,0.0004853636363636364,0.1,50,999,0.7879799666110183,0.8508625486922649,Regularisation
0,0.0004954545454545456,0.1,50,999,0.8414023372287145,0.8530884808013356,Regularisation
1,0.0004954545454545456,0.1,50,999,0.8731218697829716,0.8530884808013356,Regularisation
2,0.0004954545454545456,0.1,50,999,0.8447412353923205,0.8530884808013356,Regularisation
0,0.0005055454545454546,0.1,50,999,0.8681135225375626,0.8675570395102948,Regularisation
1,0.0005055454545454546,0.1,50,999,0.8964941569282137,0.8675570395102948,Regularisation
2,0.0005055454545454546,0.1,50,999,0.8380634390651085,0.8675570395102948,Regularisation
0,0.0005156363636363637,0.1,50,999,0.8480801335559266,0.8447412353923206,Regularisation
1,0.0005156363636363637,0.1,50,999,0.8497495826377296,0.8447412353923206,Regularisation
2,0.0005156363636363637,0.1,50,999,0.8363939899833055,0.8447412353923206,Regularisation
0,0.0005257272727272728,0.1,50,999,0.8013355592654424,0.8286032276015582,Regularisation
1,0.0005257272727272728,0.1,50,999,0.8597662771285476,0.8286032276015582,Regularisation
2,0.0005257272727272728,0.1,50,999,0.8247078464106845,0.8286032276015582,Regularisation
0,0.0005358181818181819,0.1,50,999,0.8614357262103506,0.880912632164719,Regularisation
1,0.0005358181818181819,0.1,50,999,0.9081803005008348,0.880912632164719,Regularisation
2,0.0005358181818181819,0.1,50,999,0.8731218697829716,0.880912632164719,Regularisation
0,0.0005459090909090909,0.1,50,999,0.7946577629382304,0.8503060656649972,Regularisation
1,0.0005459090909090909,0.1,50,999,0.8998330550918197,0.8503060656649972,Regularisation
2,0.0005459090909090909,0.1,50,999,0.8564273789649416,0.8503060656649972,Regularisation
0,0.0005560000000000001,0.1,50,999,0.8180300500834724,0.8642181413466888,Regularisation
1,0.0005560000000000001,0.1,50,999,0.9031719532554258,0.8642181413466888,Regularisation
2,0.0005560000000000001,0.1,50,999,0.8714524207011686,0.8642181413466888,Regularisation
0,0.0005660909090909092,0.1,50,999,0.8497495826377296,0.8430717863105176,Regularisation
1,0.0005660909090909092,0.1,50,999,0.8547579298831386,0.8430717863105176,Regularisation
2,0.0005660909090909092,0.1,50,999,0.8247078464106845,0.8430717863105176,Regularisation
0,0.0005761818181818182,0.1,50,999,0.7462437395659433,0.8475236505286589,Regularisation
1,0.0005761818181818182,0.1,50,999,0.9232053422370617,0.8475236505286589,Regularisation
2,0.0005761818181818182,0.1,50,999,0.8731218697829716,0.8475236505286589,Regularisation
0,0.0005862727272727274,0.1,50,999,0.8597662771285476,0.87590428491931,Regularisation
1,0.0005862727272727274,0.1,50,999,0.8814691151919867,0.87590428491931,Regularisation
2,0.0005862727272727274,0.1,50,999,0.8864774624373957,0.87590428491931,Regularisation
0,0.0005963636363636364,0.1,50,999,0.7529215358931552,0.8258208124652198,Regularisation
1,0.0005963636363636364,0.1,50,999,0.8697829716193656,0.8258208124652198,Regularisation
2,0.0005963636363636364,0.1,50,999,0.8547579298831386,0.8258208124652198,Regularisation
0,0.0006064545454545455,0.1,50,999,0.8931552587646077,0.89259877573734,Regularisation
1,0.0006064545454545455,0.1,50,999,0.9098497495826378,0.89259877573734,Regularisation
2,0.0006064545454545455,0.1,50,999,0.8747913188647746,0.89259877573734,Regularisation
0,0.0006165454545454546,0.1,50,999,0.8881469115191987,0.879243183082916,Regularisation
1,0.0006165454545454546,0.1,50,999,0.8664440734557596,0.879243183082916,Regularisation
2,0.0006165454545454546,0.1,50,999,0.8831385642737897,0.879243183082916,Regularisation
0,0.0006266363636363637,0.1,50,999,0.8113522537562604,0.8614357262103506,Regularisation
1,0.0006266363636363637,0.1,50,999,0.9048414023372288,0.8614357262103506,Regularisation
2,0.0006266363636363637,0.1,50,999,0.8681135225375626,0.8614357262103506,Regularisation
0,0.0006367272727272727,0.1,50,999,0.8848080133555927,0.8803561491374513,Regularisation
1,0.0006367272727272727,0.1,50,999,0.8931552587646077,0.8803561491374513,Regularisation
2,0.0006367272727272727,0.1,50,999,0.8631051752921536,0.8803561491374513,Regularisation
0,0.0006468181818181819,0.1,50,999,0.8580968280467446,0.8547579298831386,Regularisation
1,0.0006468181818181819,0.1,50,999,0.8714524207011686,0.8547579298831386,Regularisation
2,0.0006468181818181819,0.1,50,999,0.8347245409015025,0.8547579298831386,Regularisation
0,0.000656909090909091,0.1,50,999,0.8447412353923205,0.8736783528102393,Regularisation
1,0.000656909090909091,0.1,50,999,0.8914858096828047,0.8736783528102393,Regularisation
2,0.000656909090909091,0.1,50,999,0.8848080133555927,0.8736783528102393,Regularisation
0,0.0006670000000000001,0.1,50,999,0.8747913188647746,0.8703394546466333,Regularisation
1,0.0006670000000000001,0.1,50,999,0.8898163606010017,0.8703394546466333,Regularisation
2,0.0006670000000000001,0.1,50,999,0.8464106844741235,0.8703394546466333,Regularisation
0,0.0006770909090909092,0.1,50,999,0.8196994991652755,0.8770172509738453,Regularisation
1,0.0006770909090909092,0.1,50,999,0.9081803005008348,0.8770172509738453,Regularisation
2,0.0006770909090909092,0.1,50,999,0.9031719532554258,0.8770172509738453,Regularisation
0,0.0006871818181818182,0.1,50,999,0.7963272120200334,0.8597662771285476,Regularisation
1,0.0006871818181818182,0.1,50,999,0.8898163606010017,0.8597662771285476,Regularisation
2,0.0006871818181818182,0.1,50,999,0.8931552587646077,0.8597662771285476,Regularisation
0,0.0006972727272727274,0.1,50,999,0.8814691151919867,0.882582081246522,Regularisation
1,0.0006972727272727274,0.1,50,999,0.8914858096828047,0.882582081246522,Regularisation
2,0.0006972727272727274,0.1,50,999,0.8747913188647746,0.882582081246522,Regularisation
0,0.0007073636363636364,0.1,50,999,0.8614357262103506,0.8614357262103507,Regularisation
1,0.0007073636363636364,0.1,50,999,0.8981636060100167,0.8614357262103507,Regularisation
2,0.0007073636363636364,0.1,50,999,0.8247078464106845,0.8614357262103507,Regularisation
0,0.0007174545454545455,0.1,50,999,0.7929883138564274,0.8408458542014469,Regularisation
1,0.0007174545454545455,0.1,50,999,0.8631051752921536,0.8408458542014469,Regularisation
2,0.0007174545454545455,0.1,50,999,0.8664440734557596,0.8408458542014469,Regularisation
0,0.0007275454545454546,0.1,50,999,0.7729549248747913,0.8425153032832498,Regularisation
1,0.0007275454545454546,0.1,50,999,0.9081803005008348,0.8425153032832498,Regularisation
2,0.0007275454545454546,0.1,50,999,0.8464106844741235,0.8425153032832498,Regularisation
0,0.0007376363636363637,0.1,50,999,0.8347245409015025,0.8848080133555927,Regularisation
1,0.0007376363636363637,0.1,50,999,0.9332220367278798,0.8848080133555927,Regularisation
2,0.0007376363636363637,0.1,50,999,0.8864774624373957,0.8848080133555927,Regularisation
0,0.0007477272727272728,0.1,50,999,0.7746243739565943,0.8386199220923762,Regularisation
1,0.0007477272727272728,0.1,50,999,0.8781302170283807,0.8386199220923762,Regularisation
2,0.0007477272727272728,0.1,50,999,0.8631051752921536,0.8386199220923762,Regularisation
0,0.0007578181818181819,0.1,50,999,0.8347245409015025,0.877573734001113,Regularisation
1,0.0007578181818181819,0.1,50,999,0.9298831385642737,0.877573734001113,Regularisation
2,0.0007578181818181819,0.1,50,999,0.8681135225375626,0.877573734001113,Regularisation
0,0.000767909090909091,0.1,50,999,0.8564273789649416,0.872565386755704,Regularisation
1,0.000767909090909091,0.1,50,999,0.9015025041736227,0.872565386755704,Regularisation
2,0.000767909090909091,0.1,50,999,0.8597662771285476,0.872565386755704,Regularisation
0,0.000778,0.1,50,999,0.8414023372287145,0.8608792431830828,Regularisation
1,0.000778,0.1,50,999,0.8914858096828047,0.8608792431830828,Regularisation
2,0.000778,0.1,50,999,0.8497495826377296,0.8608792431830828,Regularisation
0,0.0007880909090909092,0.1,50,999,0.8514190317195326,0.8653311074012242,Regularisation
1,0.0007880909090909092,0.1,50,999,0.8731218697829716,0.8653311074012242,Regularisation
2,0.0007880909090909092,0.1,50,999,0.8714524207011686,0.8653311074012242,Regularisation
0,0.0007981818181818182,0.1,50,999,0.7629382303839732,0.8180300500834724,Regularisation
1,0.0007981818181818182,0.1,50,999,0.8196994991652755,0.8180300500834724,Regularisation
2,0.0007981818181818182,0.1,50,999,0.8714524207011686,0.8180300500834724,Regularisation
0,0.0008082727272727274,0.1,50,999,0.8747913188647746,0.8681135225375626,Regularisation
1,0.0008082727272727274,0.1,50,999,0.8681135225375626,0.8681135225375626,Regularisation
2,0.0008082727272727274,0.1,50,999,0.8614357262103506,0.8681135225375626,Regularisation
0,0.0008183636363636365,0.1,50,999,0.7746243739565943,0.8347245409015024,Regularisation
1,0.0008183636363636365,0.1,50,999,0.9048414023372288,0.8347245409015024,Regularisation
2,0.0008183636363636365,0.1,50,999,0.8247078464106845,0.8347245409015024,Regularisation
0,0.0008284545454545455,0.1,50,999,0.7779632721202003,0.8158041179744018,Regularisation
1,0.0008284545454545455,0.1,50,999,0.8347245409015025,0.8158041179744018,Regularisation
2,0.0008284545454545455,0.1,50,999,0.8347245409015025,0.8158041179744018,Regularisation
0,0.0008385454545454547,0.1,50,999,0.8363939899833055,0.8653311074012242,Regularisation
1,0.0008385454545454547,0.1,50,999,0.9248747913188647,0.8653311074012242,Regularisation
2,0.0008385454545454547,0.1,50,999,0.8347245409015025,0.8653311074012242,Regularisation
0,0.0008486363636363637,0.1,50,999,0.8030050083472454,0.8614357262103506,Regularisation
1,0.0008486363636363637,0.1,50,999,0.8931552587646077,0.8614357262103506,Regularisation
2,0.0008486363636363637,0.1,50,999,0.8881469115191987,0.8614357262103506,Regularisation
0,0.0008587272727272728,0.1,50,999,0.8848080133555927,0.882582081246522,Regularisation
1,0.0008587272727272728,0.1,50,999,0.9081803005008348,0.882582081246522,Regularisation
2,0.0008587272727272728,0.1,50,999,0.8547579298831386,0.882582081246522,Regularisation
0,0.0008688181818181819,0.1,50,999,0.8380634390651085,0.8658875904284918,Regularisation
1,0.0008688181818181819,0.1,50,999,0.8881469115191987,0.8658875904284918,Regularisation
2,0.0008688181818181819,0.1,50,999,0.8714524207011686,0.8658875904284918,Regularisation
0,0.000878909090909091,0.1,50,999,0.8430717863105175,0.8452977184195882,Regularisation
1,0.000878909090909091,0.1,50,999,0.8497495826377296,0.8452977184195882,Regularisation
2,0.000878909090909091,0.1,50,999,0.8430717863105175,0.8452977184195882,Regularisation
0,0.0008890000000000001,0.1,50,999,0.7879799666110183,0.8174735670562048,Regularisation
1,0.0008890000000000001,0.1,50,999,0.8597662771285476,0.8174735670562048,Regularisation
2,0.0008890000000000001,0.1,50,999,0.8046744574290484,0.8174735670562048,Regularisation
0,0.0008990909090909092,0.1,50,999,0.7929883138564274,0.8542014468558708,Regularisation
1,0.0008990909090909092,0.1,50,999,0.8964941569282137,0.8542014468558708,Regularisation
2,0.0008990909090909092,0.1,50,999,0.8731218697829716,0.8542014468558708,Regularisation
0,0.0009091818181818183,0.1,50,999,0.8731218697829716,0.8681135225375627,Regularisation
1,0.0009091818181818183,0.1,50,999,0.8898163606010017,0.8681135225375627,Regularisation
2,0.0009091818181818183,0.1,50,999,0.8414023372287145,0.8681135225375627,Regularisation
0,0.0009192727272727273,0.1,50,999,0.8447412353923205,0.8497495826377296,Regularisation
1,0.0009192727272727273,0.1,50,999,0.8931552587646077,0.8497495826377296,Regularisation
2,0.0009192727272727273,0.1,50,999,0.8113522537562604,0.8497495826377296,Regularisation
0,0.0009293636363636365,0.1,50,999,0.8397328881469115,0.8536449638286032,Regularisation
1,0.0009293636363636365,0.1,50,999,0.8864774624373957,0.8536449638286032,Regularisation
2,0.0009293636363636365,0.1,50,999,0.8347245409015025,0.8536449638286032,Regularisation
0,0.0009394545454545455,0.1,50,999,0.8096828046744574,0.8313856427378964,Regularisation
1,0.0009394545454545455,0.1,50,999,0.8931552587646077,0.8313856427378964,Regularisation
2,0.0009394545454545455,0.1,50,999,0.7913188647746243,0.8313856427378964,Regularisation
0,0.0009495454545454547,0.1,50,999,0.8564273789649416,0.8542014468558708,Regularisation
1,0.0009495454545454547,0.1,50,999,0.8614357262103506,0.8542014468558708,Regularisation
2,0.0009495454545454547,0.1,50,999,0.8447412353923205,0.8542014468558708,Regularisation
0,0.0009596363636363637,0.1,50,999,0.8797996661101837,0.872565386755704,Regularisation
1,0.0009596363636363637,0.1,50,999,0.9048414023372288,0.872565386755704,Regularisation
2,0.0009596363636363637,0.1,50,999,0.8330550918196995,0.872565386755704,Regularisation
0,0.0009697272727272728,0.1,50,999,0.8096828046744574,0.8592097941012798,Regularisation
1,0.0009697272727272728,0.1,50,999,0.9131886477462438,0.8592097941012798,Regularisation
2,0.0009697272727272728,0.1,50,999,0.8547579298831386,0.8592097941012798,Regularisation
0,0.0009798181818181817,0.1,50,999,0.8130217028380634,0.8163606010016694,Regularisation
1,0.0009798181818181817,0.1,50,999,0.8347245409015025,0.8163606010016694,Regularisation
2,0.0009798181818181817,0.1,50,999,0.8013355592654424,0.8163606010016694,Regularisation
0,0.000989909090909091,0.1,50,999,0.8380634390651085,0.8458542014468557,Regularisation
1,0.000989909090909091,0.1,50,999,0.8614357262103506,0.8458542014468557,Regularisation
2,0.000989909090909091,0.1,50,999,0.8380634390651085,0.8458542014468557,Regularisation
0,0.001,0.1,50,999,0.8714524207011686,0.8697829716193657,Regularisation
1,0.001,0.1,50,999,0.8831385642737897,0.8697829716193657,Regularisation
2,0.001,0.1,50,999,0.8547579298831386,0.8697829716193657,Regularisation
0,0.0001,0.001,50,999,0.8931552587646077,0.9254312743461325,Learning rate
1,0.0001,0.001,50,999,0.9532554257095158,0.9254312743461325,Learning rate
2,0.0001,0.001,50,999,0.9298831385642737,0.9254312743461325,Learning rate
0,0.0001,0.011090909090909092,50,999,0.8931552587646077,0.9170840289371175,Learning rate
1,0.0001,0.011090909090909092,50,999,0.9465776293823038,0.9170840289371175,Learning rate
2,0.0001,0.011090909090909092,50,999,0.9115191986644408,0.9170840289371175,Learning rate
0,0.0001,0.021181818181818184,50,999,0.9031719532554258,0.9176405119643851,Learning rate
1,0.0001,0.021181818181818184,50,999,0.9415692821368948,0.9176405119643851,Learning rate
2,0.0001,0.021181818181818184,50,999,0.9081803005008348,0.9176405119643851,Learning rate
0,0.0001,0.03127272727272727,50,999,0.8931552587646077,0.9143016138007791,Learning rate
1,0.0001,0.03127272727272727,50,999,0.9499165275459098,0.9143016138007791,Learning rate
2,0.0001,0.03127272727272727,50,999,0.8998330550918197,0.9143016138007791,Learning rate
0,0.0001,0.041363636363636366,50,999,0.8781302170283807,0.9042849193099611,Learning rate
1,0.0001,0.041363636363636366,50,999,0.9332220367278798,0.9042849193099611,Learning rate
2,0.0001,0.041363636363636366,50,999,0.9015025041736227,0.9042849193099611,Learning rate
0,0.0001,0.05145454545454546,50,999,0.8831385642737897,0.9037284362826933,Learning rate
1,0.0001,0.05145454545454546,50,999,0.9449081803005008,0.9037284362826933,Learning rate
2,0.0001,0.05145454545454546,50,999,0.8831385642737897,0.9037284362826933,Learning rate
0,0.0001,0.06154545454545455,50,999,0.8814691151919867,0.9053978853644963,Learning rate
1,0.0001,0.06154545454545455,50,999,0.9282136894824707,0.9053978853644963,Learning rate
2,0.0001,0.06154545454545455,50,999,0.9065108514190318,0.9053978853644963,Learning rate
0,0.0001,0.07163636363636364,50,999,0.8714524207011686,0.9015025041736227,Learning rate
1,0.0001,0.07163636363636364,50,999,0.9315525876460768,0.9015025041736227,Learning rate
2,0.0001,0.07163636363636364,50,999,0.9015025041736227,0.9015025041736227,Learning rate
0,0.0001,0.08172727272727273,50,999,0.8831385642737897,0.8953811908736783,Learning rate
1,0.0001,0.08172727272727273,50,999,0.9148580968280468,0.8953811908736783,Learning rate
2,0.0001,0.08172727272727273,50,999,0.8881469115191987,0.8953811908736783,Learning rate
0,0.0001,0.09181818181818183,50,999,0.8681135225375626,0.9020589872008903,Learning rate
1,0.0001,0.09181818181818183,50,999,0.9348914858096828,0.9020589872008903,Learning rate
2,0.0001,0.09181818181818183,50,999,0.9031719532554258,0.9020589872008903,Learning rate
0,0.0001,0.10190909090909092,50,999,0.8781302170283807,0.8987200890372843,Learning rate
1,0.0001,0.10190909090909092,50,999,0.9298831385642737,0.8987200890372843,Learning rate
2,0.0001,0.10190909090909092,50,999,0.8881469115191987,0.8987200890372843,Learning rate
0,0.0001,0.112,50,999,0.8831385642737897,0.8998330550918197,Learning rate
1,0.0001,0.112,50,999,0.9265442404006677,0.8998330550918197,Learning rate
2,0.0001,0.112,50,999,0.8898163606010017,0.8998330550918197,Learning rate
0,0.0001,0.1220909090909091,50,999,0.8764607679465777,0.8887033945464663,Learning rate
1,0.0001,0.1220909090909091,50,999,0.9131886477462438,0.8887033945464663,Learning rate
2,0.0001,0.1220909090909091,50,999,0.8764607679465777,0.8887033945464663,Learning rate
0,0.0001,0.13218181818181818,50,999,0.8864774624373957,0.8903728436282693,Learning rate
1,0.0001,0.13218181818181818,50,999,0.8998330550918197,0.8903728436282693,Learning rate
2,0.0001,0.13218181818181818,50,999,0.8848080133555927,0.8903728436282693,Learning rate
0,0.0001,0.14227272727272727,50,999,0.8564273789649416,0.89259877573734,Learning rate
1,0.0001,0.14227272727272727,50,999,0.9248747913188647,0.89259877573734,Learning rate
2,0.0001,0.14227272727272727,50,999,0.8964941569282137,0.89259877573734,Learning rate
0,0.0001,0.15236363636363637,50,999,0.8747913188647746,0.894268224819143,Learning rate
1,0.0001,0.15236363636363637,50,999,0.9181969949916527,0.894268224819143,Learning rate
2,0.0001,0.15236363636363637,50,999,0.8898163606010017,0.894268224819143,Learning rate
0,0.0001,0.16245454545454546,50,999,0.8597662771285476,0.885920979410128,Learning rate
1,0.0001,0.16245454545454546,50,999,0.9298831385642737,0.885920979410128,Learning rate
2,0.0001,0.16245454545454546,50,999,0.8681135225375626,0.885920979410128,Learning rate
0,0.0001,0.17254545454545456,50,999,0.8414023372287145,0.874234835837507,Learning rate
1,0.0001,0.17254545454545456,50,999,0.9232053422370617,0.874234835837507,Learning rate
2,0.0001,0.17254545454545456,50,999,0.8580968280467446,0.874234835837507,Learning rate
0,0.0001,0.18263636363636365,50,999,0.8414023372287145,0.8753478018920423,Learning rate
1,0.0001,0.18263636363636365,50,999,0.9115191986644408,0.8753478018920423,Learning rate
2,0.0001,0.18263636363636365,50,999,0.8731218697829716,0.8753478018920423,Learning rate
0,0.0001,0.19272727272727275,50,999,0.8681135225375626,0.8898163606010017,Learning rate
1,0.0001,0.19272727272727275,50,999,0.9065108514190318,0.8898163606010017,Learning rate
2,0.0001,0.19272727272727275,50,999,0.8948247078464107,0.8898163606010017,Learning rate
0,0.0001,0.20281818181818184,50,999,0.8414023372287145,0.8664440734557596,Learning rate
1,0.0001,0.20281818181818184,50,999,0.8931552587646077,0.8664440734557596,Learning rate
2,0.0001,0.20281818181818184,50,999,0.8647746243739566,0.8664440734557596,Learning rate
0,0.0001,0.2129090909090909,50,999,0.8681135225375626,0.890929326655537,Learning rate
1,0.0001,0.2129090909090909,50,999,0.9198664440734557,0.890929326655537,Learning rate
2,0.0001,0.2129090909090909,50,999,0.8848080133555927,0.890929326655537,Learning rate
0,0.0001,0.223,50,999,0.8797996661101837,0.889259877573734,Learning rate
1,0.0001,0.223,50,999,0.9115191986644408,0.889259877573734,Learning rate
2,0.0001,0.223,50,999,0.8764607679465777,0.889259877573734,Learning rate
0,0.0001,0.2330909090909091,50,999,0.8781302170283807,0.885920979410128,Learning rate
1,0.0001,0.2330909090909091,50,999,0.9098497495826378,0.885920979410128,Learning rate
2,0.0001,0.2330909090909091,50,999,0.8697829716193656,0.885920979410128,Learning rate
0,0.0001,0.2431818181818182,50,999,0.8580968280467446,0.8786867000556483,Learning rate
1,0.0001,0.2431818181818182,50,999,0.9115191986644408,0.8786867000556483,Learning rate
2,0.0001,0.2431818181818182,50,999,0.8664440734557596,0.8786867000556483,Learning rate
0,0.0001,0.25327272727272726,50,999,0.8681135225375626,0.89259877573734,Learning rate
1,0.0001,0.25327272727272726,50,999,0.9165275459098498,0.89259877573734,Learning rate
2,0.0001,0.25327272727272726,50,999,0.8931552587646077,0.89259877573734,Learning rate
0,0.0001,0.26336363636363636,50,999,0.8464106844741235,0.8681135225375626,Learning rate
1,0.0001,0.26336363636363636,50,999,0.8981636060100167,0.8681135225375626,Learning rate
2,0.0001,0.26336363636363636,50,999,0.8597662771285476,0.8681135225375626,Learning rate
0,0.0001,0.27345454545454545,50,999,0.8864774624373957,0.8809126321647188,Learning rate
1,0.0001,0.27345454545454545,50,999,0.9098497495826378,0.8809126321647188,Learning rate
2,0.0001,0.27345454545454545,50,999,0.8464106844741235,0.8809126321647188,Learning rate
0,0.0001,0.28354545454545454,50,999,0.8731218697829716,0.877573734001113,Learning rate
1,0.0001,0.28354545454545454,50,999,0.8914858096828047,0.877573734001113,Learning rate
2,0.0001,0.28354545454545454,50,999,0.8681135225375626,0.877573734001113,Learning rate
0,0.0001,0.29363636363636364,50,999,0.8631051752921536,0.8675570395102951,Learning rate
1,0.0001,0.29363636363636364,50,999,0.8898163606010017,0.8675570395102951,Learning rate
2,0.0001,0.29363636363636364,50,999,0.8497495826377296,0.8675570395102951,Learning rate
0,0.0001,0.30372727272727273,50,999,0.8614357262103506,0.8720089037284363,Learning rate
1,0.0001,0.30372727272727273,50,999,0.8848080133555927,0.8720089037284363,Learning rate
2,0.0001,0.30372727272727273,50,999,0.8697829716193656,0.8720089037284363,Learning rate
0,0.0001,0.31381818181818183,50,999,0.8580968280467446,0.8736783528102393,Learning rate
1,0.0001,0.31381818181818183,50,999,0.8998330550918197,0.8736783528102393,Learning rate
2,0.0001,0.31381818181818183,50,999,0.8631051752921536,0.8736783528102393,Learning rate
0,0.0001,0.3239090909090909,50,999,0.8180300500834724,0.8458542014468557,Learning rate
1,0.0001,0.3239090909090909,50,999,0.8964941569282137,0.8458542014468557,Learning rate
2,0.0001,0.3239090909090909,50,999,0.8230383973288815,0.8458542014468557,Learning rate
0,0.0001,0.334,50,999,0.8547579298831386,0.8569838619922092,Learning rate
1,0.0001,0.334,50,999,0.8597662771285476,0.8569838619922092,Learning rate
2,0.0001,0.334,50,999,0.8564273789649416,0.8569838619922092,Learning rate
0,0.0001,0.3440909090909091,50,999,0.8530884808013356,0.8614357262103507,Learning rate
1,0.0001,0.3440909090909091,50,999,0.8831385642737897,0.8614357262103507,Learning rate
2,0.0001,0.3440909090909091,50,999,0.8480801335559266,0.8614357262103507,Learning rate
0,0.0001,0.3541818181818182,50,999,0.8480801335559266,0.8642181413466891,Learning rate
1,0.0001,0.3541818181818182,50,999,0.8914858096828047,0.8642181413466891,Learning rate
2,0.0001,0.3541818181818182,50,999,0.8530884808013356,0.8642181413466891,Learning rate
0,0.0001,0.3642727272727273,50,999,0.8697829716193656,0.8681135225375627,Learning rate
1,0.0001,0.3642727272727273,50,999,0.8764607679465777,0.8681135225375627,Learning rate
2,0.0001,0.3642727272727273,50,999,0.8580968280467446,0.8681135225375627,Learning rate
0,0.0001,0.3743636363636364,50,999,0.8180300500834724,0.8564273789649416,Learning rate
1,0.0001,0.3743636363636364,50,999,0.8998330550918197,0.8564273789649416,Learning rate
2,0.0001,0.3743636363636364,50,999,0.8514190317195326,0.8564273789649416,Learning rate
0,0.0001,0.3844545454545455,50,999,0.8414023372287145,0.8625486922648858,Learning rate
1,0.0001,0.3844545454545455,50,999,0.8898163606010017,0.8625486922648858,Learning rate
2,0.0001,0.3844545454545455,50,999,0.8564273789649416,0.8625486922648858,Learning rate
0,0.0001,0.3945454545454546,50,999,0.8247078464106845,0.8391764051196438,Learning rate
1,0.0001,0.3945454545454546,50,999,0.8497495826377296,0.8391764051196438,Learning rate
2,0.0001,0.3945454545454546,50,999,0.8430717863105175,0.8391764051196438,Learning rate
0,0.0001,0.4046363636363637,50,999,0.8180300500834724,0.8324986087924318,Learning rate
1,0.0001,0.4046363636363637,50,999,0.8447412353923205,0.8324986087924318,Learning rate
2,0.0001,0.4046363636363637,50,999,0.8347245409015025,0.8324986087924318,Learning rate
0,0.0001,0.4147272727272727,50,999,0.8030050083472454,0.8664440734557596,Learning rate
1,0.0001,0.4147272727272727,50,999,0.9148580968280468,0.8664440734557596,Learning rate
2,0.0001,0.4147272727272727,50,999,0.8814691151919867,0.8664440734557596,Learning rate
0,0.0001,0.4248181818181818,50,999,0.8480801335559266,0.8469671675013912,Learning rate
1,0.0001,0.4248181818181818,50,999,0.8614357262103506,0.8469671675013912,Learning rate
2,0.0001,0.4248181818181818,50,999,0.8313856427378965,0.8469671675013912,Learning rate
0,0.0001,0.4349090909090909,50,999,0.8130217028380634,0.8414023372287146,Learning rate
1,0.0001,0.4349090909090909,50,999,0.8580968280467446,0.8414023372287146,Learning rate
2,0.0001,0.4349090909090909,50,999,0.8530884808013356,0.8414023372287146,Learning rate
0,0.0001,0.445,50,999,0.8363939899833055,0.8141346688925988,Learning rate
1,0.0001,0.445,50,999,0.8981636060100167,0.8141346688925988,Learning rate
2,0.0001,0.445,50,999,0.7078464106844741,0.8141346688925988,Learning rate
0,0.0001,0.4550909090909091,50,999,0.7829716193656093,0.8686700055648302,Learning rate
1,0.0001,0.4550909090909091,50,999,0.9198664440734557,0.8686700055648302,Learning rate
2,0.0001,0.4550909090909091,50,999,0.9031719532554258,0.8686700055648302,Learning rate
0,0.0001,0.4651818181818182,50,999,0.8130217028380634,0.8580968280467446,Learning rate
1,0.0001,0.4651818181818182,50,999,0.8764607679465777,0.8580968280467446,Learning rate
2,0.0001,0.4651818181818182,50,999,0.8848080133555927,0.8580968280467446,Learning rate
0,0.0001,0.4752727272727273,50,999,0.8263772954924875,0.8430717863105176,Learning rate
1,0.0001,0.4752727272727273,50,999,0.8480801335559266,0.8430717863105176,Learning rate
2,0.0001,0.4752727272727273,50,999,0.8547579298831386,0.8430717863105176,Learning rate
0,0.0001,0.4853636363636364,50,999,0.8430717863105175,0.8608792431830828,Learning rate
1,0.0001,0.4853636363636364,50,999,0.8697829716193656,0.8608792431830828,Learning rate
2,0.0001,0.4853636363636364,50,999,0.8697829716193656,0.8608792431830828,Learning rate
0,0.0001,0.4954545454545455,50,999,0.7595993322203672,0.8141346688925988,Learning rate
1,0.0001,0.4954545454545455,50,999,0.8714524207011686,0.8141346688925988,Learning rate
2,0.0001,0.4954545454545455,50,999,0.8113522537562604,0.8141346688925988,Learning rate
0,0.0001,0.5055454545454545,50,999,0.8430717863105175,0.8580968280467446,Learning rate
1,0.0001,0.5055454545454545,50,999,0.8898163606010017,0.8580968280467446,Learning rate
2,0.0001,0.5055454545454545,50,999,0.8414023372287145,0.8580968280467446,Learning rate
0,0.0001,0.5156363636363637,50,999,0.7829716193656093,0.8230383973288814,Learning rate
1,0.0001,0.5156363636363637,50,999,0.8681135225375626,0.8230383973288814,Learning rate
2,0.0001,0.5156363636363637,50,999,0.8180300500834724,0.8230383973288814,Learning rate
0,0.0001,0.5257272727272727,50,999,0.7896494156928213,0.8386199220923762,Learning rate
1,0.0001,0.5257272727272727,50,999,0.8914858096828047,0.8386199220923762,Learning rate
2,0.0001,0.5257272727272727,50,999,0.8347245409015025,0.8386199220923762,Learning rate
0,0.0001,0.5358181818181819,50,999,0.8363939899833055,0.8486366165831942,Learning rate
1,0.0001,0.5358181818181819,50,999,0.8397328881469115,0.8486366165831942,Learning rate
2,0.0001,0.5358181818181819,50,999,0.8697829716193656,0.8486366165831942,Learning rate
0,0.0001,0.5459090909090909,50,999,0.8347245409015025,0.8486366165831942,Learning rate
1,0.0001,0.5459090909090909,50,999,0.8731218697829716,0.8486366165831942,Learning rate
2,0.0001,0.5459090909090909,50,999,0.8380634390651085,0.8486366165831942,Learning rate
0,0.0001,0.556,50,999,0.7529215358931552,0.8230383973288816,Learning rate
1,0.0001,0.556,50,999,0.8898163606010017,0.8230383973288816,Learning rate
2,0.0001,0.556,50,999,0.8263772954924875,0.8230383973288816,Learning rate
0,0.0001,0.5660909090909091,50,999,0.7579298831385642,0.8057874234835838,Learning rate
1,0.0001,0.5660909090909091,50,999,0.8564273789649416,0.8057874234835838,Learning rate
2,0.0001,0.5660909090909091,50,999,0.8030050083472454,0.8057874234835838,Learning rate
0,0.0001,0.5761818181818182,50,999,0.8347245409015025,0.8458542014468559,Learning rate
1,0.0001,0.5761818181818182,50,999,0.8781302170283807,0.8458542014468559,Learning rate
2,0.0001,0.5761818181818182,50,999,0.8247078464106845,0.8458542014468559,Learning rate
0,0.0001,0.5862727272727273,50,999,0.7295492487479132,0.8091263216471898,Learning rate
1,0.0001,0.5862727272727273,50,999,0.8447412353923205,0.8091263216471898,Learning rate
2,0.0001,0.5862727272727273,50,999,0.8530884808013356,0.8091263216471898,Learning rate
0,0.0001,0.5963636363636364,50,999,0.8163606010016694,0.882582081246522,Learning rate
1,0.0001,0.5963636363636364,50,999,0.9282136894824707,0.882582081246522,Learning rate
2,0.0001,0.5963636363636364,50,999,0.9031719532554258,0.882582081246522,Learning rate
0,0.0001,0.6064545454545455,50,999,0.7562604340567612,0.8263772954924874,Learning rate
1,0.0001,0.6064545454545455,50,999,0.8697829716193656,0.8263772954924874,Learning rate
2,0.0001,0.6064545454545455,50,999,0.8530884808013356,0.8263772954924874,Learning rate
0,0.0001,0.6165454545454546,50,999,0.7896494156928213,0.8547579298831386,Learning rate
1,0.0001,0.6165454545454546,50,999,0.9031719532554258,0.8547579298831386,Learning rate
2,0.0001,0.6165454545454546,50,999,0.8714524207011686,0.8547579298831386,Learning rate
0,0.0001,0.6266363636363637,50,999,0.7863105175292153,0.8397328881469116,Learning rate
1,0.0001,0.6266363636363637,50,999,0.8881469115191987,0.8397328881469116,Learning rate
2,0.0001,0.6266363636363637,50,999,0.8447412353923205,0.8397328881469116,Learning rate
0,0.0001,0.6367272727272728,50,999,0.7696160267111853,0.8486366165831942,Learning rate
1,0.0001,0.6367272727272728,50,999,0.9115191986644408,0.8486366165831942,Learning rate
2,0.0001,0.6367272727272728,50,999,0.8647746243739566,0.8486366165831942,Learning rate
0,0.0001,0.6468181818181818,50,999,0.8764607679465777,0.8848080133555927,Learning rate
1,0.0001,0.6468181818181818,50,999,0.9048414023372288,0.8848080133555927,Learning rate
2,0.0001,0.6468181818181818,50,999,0.8731218697829716,0.8848080133555927,Learning rate
0,0.0001,0.6569090909090909,50,999,0.8330550918196995,0.8631051752921537,Learning rate
1,0.0001,0.6569090909090909,50,999,0.9031719532554258,0.8631051752921537,Learning rate
2,0.0001,0.6569090909090909,50,999,0.8530884808013356,0.8631051752921537,Learning rate
0,0.0001,0.667,50,999,0.8230383973288815,0.8525319977740679,Learning rate
1,0.0001,0.667,50,999,0.8464106844741235,0.8525319977740679,Learning rate
2,0.0001,0.667,50,999,0.8881469115191987,0.8525319977740679,Learning rate
0,0.0001,0.6770909090909091,50,999,0.8230383973288815,0.8402893711741792,Learning rate
1,0.0001,0.6770909090909091,50,999,0.8881469115191987,0.8402893711741792,Learning rate
2,0.0001,0.6770909090909091,50,999,0.8096828046744574,0.8402893711741792,Learning rate
0,0.0001,0.6871818181818182,50,999,0.7779632721202003,0.8519755147468002,Learning rate
1,0.0001,0.6871818181818182,50,999,0.8948247078464107,0.8519755147468002,Learning rate
2,0.0001,0.6871818181818182,50,999,0.8831385642737897,0.8519755147468002,Learning rate
0,0.0001,0.6972727272727273,50,999,0.8213689482470785,0.8664440734557596,Learning rate
1,0.0001,0.6972727272727273,50,999,0.9315525876460768,0.8664440734557596,Learning rate
2,0.0001,0.6972727272727273,50,999,0.8464106844741235,0.8664440734557596,Learning rate
0,0.0001,0.7073636363636364,50,999,0.7629382303839732,0.8169170840289371,Learning rate
1,0.0001,0.7073636363636364,50,999,0.8747913188647746,0.8169170840289371,Learning rate
2,0.0001,0.7073636363636364,50,999,0.8130217028380634,0.8169170840289371,Learning rate
0,0.0001,0.7174545454545455,50,999,0.7896494156928213,0.8475236505286589,Learning rate
1,0.0001,0.7174545454545455,50,999,0.9115191986644408,0.8475236505286589,Learning rate
2,0.0001,0.7174545454545455,50,999,0.8414023372287145,0.8475236505286589,Learning rate
0,0.0001,0.7275454545454546,50,999,0.7646076794657763,0.8185865331107401,Learning rate
1,0.0001,0.7275454545454546,50,999,0.8297161936560935,0.8185865331107401,Learning rate
2,0.0001,0.7275454545454546,50,999,0.8614357262103506,0.8185865331107401,Learning rate
0,0.0001,0.7376363636363636,50,999,0.7646076794657763,0.8369504730105731,Learning rate
1,0.0001,0.7376363636363636,50,999,0.9031719532554258,0.8369504730105731,Learning rate
2,0.0001,0.7376363636363636,50,999,0.8430717863105175,0.8369504730105731,Learning rate
0,0.0001,0.7477272727272728,50,999,0.7445742904841403,0.8352810239287702,Learning rate
1,0.0001,0.7477272727272728,50,999,0.8914858096828047,0.8352810239287702,Learning rate
2,0.0001,0.7477272727272728,50,999,0.8697829716193656,0.8352810239287702,Learning rate
0,0.0001,0.7578181818181818,50,999,0.7929883138564274,0.8247078464106844,Learning rate
1,0.0001,0.7578181818181818,50,999,0.8848080133555927,0.8247078464106844,Learning rate
2,0.0001,0.7578181818181818,50,999,0.7963272120200334,0.8247078464106844,Learning rate
0,0.0001,0.767909090909091,50,999,0.8196994991652755,0.8597662771285476,Learning rate
1,0.0001,0.767909090909091,50,999,0.8848080133555927,0.8597662771285476,Learning rate
2,0.0001,0.767909090909091,50,999,0.8747913188647746,0.8597662771285476,Learning rate
0,0.0001,0.778,50,999,0.7345575959933222,0.8291597106288258,Learning rate
1,0.0001,0.778,50,999,0.8981636060100167,0.8291597106288258,Learning rate
2,0.0001,0.778,50,999,0.8547579298831386,0.8291597106288258,Learning rate
0,0.0001,0.7880909090909092,50,999,0.7395659432387313,0.8224819143016138,Learning rate
1,0.0001,0.7880909090909092,50,999,0.8681135225375626,0.8224819143016138,Learning rate
2,0.0001,0.7880909090909092,50,999,0.8597662771285476,0.8224819143016138,Learning rate
0,0.0001,0.7981818181818182,50,999,0.7562604340567612,0.8274902615470229,Learning rate
1,0.0001,0.7981818181818182,50,999,0.8797996661101837,0.8274902615470229,Learning rate
2,0.0001,0.7981818181818182,50,999,0.8464106844741235,0.8274902615470229,Learning rate
0,0.0001,0.8082727272727274,50,999,0.8113522537562604,0.8491930996104617,Learning rate
1,0.0001,0.8082727272727274,50,999,0.8981636060100167,0.8491930996104617,Learning rate
2,0.0001,0.8082727272727274,50,999,0.8380634390651085,0.8491930996104617,Learning rate
0,0.0001,0.8183636363636364,50,999,0.7746243739565943,0.8302726766833612,Learning rate
1,0.0001,0.8183636363636364,50,999,0.8514190317195326,0.8302726766833612,Learning rate
2,0.0001,0.8183636363636364,50,999,0.8647746243739566,0.8302726766833612,Learning rate
0,0.0001,0.8284545454545454,50,999,0.8030050083472454,0.8558708959376738,Learning rate
1,0.0001,0.8284545454545454,50,999,0.8981636060100167,0.8558708959376738,Learning rate
2,0.0001,0.8284545454545454,50,999,0.8664440734557596,0.8558708959376738,Learning rate
0,0.0001,0.8385454545454546,50,999,0.8146911519198664,0.8274902615470228,Learning rate
1,0.0001,0.8385454545454546,50,999,0.8614357262103506,0.8274902615470228,Learning rate
2,0.0001,0.8385454545454546,50,999,0.8063439065108514,0.8274902615470228,Learning rate
0,0.0001,0.8486363636363636,50,999,0.8697829716193656,0.8619922092376182,Learning rate
1,0.0001,0.8486363636363636,50,999,0.8814691151919867,0.8619922092376182,Learning rate
2,0.0001,0.8486363636363636,50,999,0.8347245409015025,0.8619922092376182,Learning rate
0,0.0001,0.8587272727272728,50,999,0.7629382303839732,0.8035614913745132,Learning rate
1,0.0001,0.8587272727272728,50,999,0.8514190317195326,0.8035614913745132,Learning rate
2,0.0001,0.8587272727272728,50,999,0.7963272120200334,0.8035614913745132,Learning rate
0,0.0001,0.8688181818181818,50,999,0.7462437395659433,0.8069003895381192,Learning rate
1,0.0001,0.8688181818181818,50,999,0.8297161936560935,0.8069003895381192,Learning rate
2,0.0001,0.8688181818181818,50,999,0.8447412353923205,0.8069003895381192,Learning rate
0,0.0001,0.878909090909091,50,999,0.7929883138564274,0.8436282693377852,Learning rate
1,0.0001,0.878909090909091,50,999,0.8414023372287145,0.8436282693377852,Learning rate
2,0.0001,0.878909090909091,50,999,0.8964941569282137,0.8436282693377852,Learning rate
0,0.0001,0.889,50,999,0.7946577629382304,0.8408458542014469,Learning rate
1,0.0001,0.889,50,999,0.8948247078464107,0.8408458542014469,Learning rate
2,0.0001,0.889,50,999,0.8330550918196995,0.8408458542014469,Learning rate
0,0.0001,0.8990909090909092,50,999,0.8013355592654424,0.8452977184195882,Learning rate
1,0.0001,0.8990909090909092,50,999,0.8948247078464107,0.8452977184195882,Learning rate
2,0.0001,0.8990909090909092,50,999,0.8397328881469115,0.8452977184195882,Learning rate
0,0.0001,0.9091818181818182,50,999,0.7779632721202003,0.8358375069560379,Learning rate
1,0.0001,0.9091818181818182,50,999,0.8631051752921536,0.8358375069560379,Learning rate
2,0.0001,0.9091818181818182,50,999,0.8664440734557596,0.8358375069560379,Learning rate
0,0.0001,0.9192727272727274,50,999,0.7429048414023373,0.8196994991652754,Learning rate
1,0.0001,0.9192727272727274,50,999,0.9215358931552587,0.8196994991652754,Learning rate
2,0.0001,0.9192727272727274,50,999,0.7946577629382304,0.8196994991652754,Learning rate
0,0.0001,0.9293636363636364,50,999,0.8881469115191987,0.8653311074012242,Learning rate
1,0.0001,0.9293636363636364,50,999,0.8998330550918197,0.8653311074012242,Learning rate
2,0.0001,0.9293636363636364,50,999,0.8080133555926544,0.8653311074012242,Learning rate
0,0.0001,0.9394545454545455,50,999,0.8814691151919867,0.8647746243739566,Learning rate
1,0.0001,0.9394545454545455,50,999,0.9065108514190318,0.8647746243739566,Learning rate
2,0.0001,0.9394545454545455,50,999,0.8063439065108514,0.8647746243739566,Learning rate
0,0.0001,0.9495454545454546,50,999,0.8380634390651085,0.8135781858653311,Learning rate
1,0.0001,0.9495454545454546,50,999,0.8130217028380634,0.8135781858653311,Learning rate
2,0.0001,0.9495454545454546,50,999,0.7896494156928213,0.8135781858653311,Learning rate
0,0.0001,0.9596363636363637,50,999,0.7712854757929883,0.8330550918196996,Learning rate
1,0.0001,0.9596363636363637,50,999,0.8764607679465777,0.8330550918196996,Learning rate
2,0.0001,0.9596363636363637,50,999,0.8514190317195326,0.8330550918196996,Learning rate
0,0.0001,0.9697272727272728,50,999,0.7979966611018364,0.8336115748469672,Learning rate
1,0.0001,0.9697272727272728,50,999,0.8514190317195326,0.8336115748469672,Learning rate
2,0.0001,0.9697272727272728,50,999,0.8514190317195326,0.8336115748469672,Learning rate
0,0.0001,0.9798181818181818,50,999,0.7846410684474123,0.8191430161380078,Learning rate
1,0.0001,0.9798181818181818,50,999,0.8681135225375626,0.8191430161380078,Learning rate
2,0.0001,0.9798181818181818,50,999,0.8046744574290484,0.8191430161380078,Learning rate
0,0.0001,0.989909090909091,50,999,0.7946577629382304,0.8542014468558708,Learning rate
1,0.0001,0.989909090909091,50,999,0.9048414023372288,0.8542014468558708,Learning rate
2,0.0001,0.989909090909091,50,999,0.8631051752921536,0.8542014468558708,Learning rate
0,0.0001,1.0,50,999,0.8096828046744574,0.8458542014468559,Learning rate
1,0.0001,1.0,50,999,0.9198664440734557,0.8458542014468559,Learning rate
2,0.0001,1.0,50,999,0.8080133555926544,0.8458542014468559,Learning rate
0,0.0001,0.1,1,999,0.7963272120200334,0.879243183082916,Steps
1,0.0001,0.1,1,999,0.9232053422370617,0.879243183082916,Steps
2,0.0001,0.1,1,999,0.9181969949916527,0.879243183082916,Steps
0,0.0001,0.1,3,999,0.8397328881469115,0.8937117417918753,Steps
1,0.0001,0.1,3,999,0.9348914858096828,0.8937117417918753,Steps
2,0.0001,0.1,3,999,0.9065108514190318,0.8937117417918753,Steps
0,0.0001,0.1,5,999,0.9015025041736227,0.9120756816917083,Steps
1,0.0001,0.1,5,999,0.9265442404006677,0.9120756816917083,Steps
2,0.0001,0.1,5,999,0.9081803005008348,0.9120756816917083,Steps
0,0.0001,0.1,7,999,0.8747913188647746,0.9081803005008346,Steps
1,0.0001,0.1,7,999,0.9382303839732888,0.9081803005008346,Steps
2,0.0001,0.1,7,999,0.9115191986644408,0.9081803005008346,Steps
0,0.0001,0.1,9,999,0.8731218697829716,0.9087367835281023,Steps
1,0.0001,0.1,9,999,0.9465776293823038,0.9087367835281023,Steps
2,0.0001,0.1,9,999,0.9065108514190318,0.9087367835281023,Steps
0,0.0001,0.1,11,999,0.9048414023372288,0.9148580968280468,Steps
1,0.0001,0.1,11,999,0.9315525876460768,0.9148580968280468,Steps
2,0.0001,0.1,11,999,0.9081803005008348,0.9148580968280468,Steps
0,0.0001,0.1,13,999,0.9081803005008348,0.9120756816917085,Steps
1,0.0001,0.1,13,999,0.9232053422370617,0.9120756816917085,Steps
2,0.0001,0.1,13,999,0.9048414023372288,0.9120756816917085,Steps
0,0.0001,0.1,15,999,0.9065108514190318,0.9254312743461325,Steps
1,0.0001,0.1,15,999,0.9465776293823038,0.9254312743461325,Steps
2,0.0001,0.1,15,999,0.9232053422370617,0.9254312743461325,Steps
0,0.0001,0.1,17,999,0.8681135225375626,0.907623817473567,Steps
1,0.0001,0.1,17,999,0.9298831385642737,0.907623817473567,Steps
2,0.0001,0.1,17,999,0.9248747913188647,0.907623817473567,Steps
0,0.0001,0.1,19,999,0.8881469115191987,0.9126321647189761,Steps
1,0.0001,0.1,19,999,0.9348914858096828,0.9126321647189761,Steps
2,0.0001,0.1,19,999,0.9148580968280468,0.9126321647189761,Steps
0,0.0001,0.1,21,999,0.8864774624373957,0.9126321647189761,Steps
1,0.0001,0.1,21,999,0.9398998330550918,0.9126321647189761,Steps
2,0.0001,0.1,21,999,0.9115191986644408,0.9126321647189761,Steps
0,0.0001,0.1,23,999,0.8797996661101837,0.9042849193099611,Steps
1,0.0001,0.1,23,999,0.9332220367278798,0.9042849193099611,Steps
2,0.0001,0.1,23,999,0.8998330550918197,0.9042849193099611,Steps
0,0.0001,0.1,25,999,0.8981636060100167,0.9126321647189761,Steps
1,0.0001,0.1,25,999,0.9315525876460768,0.9126321647189761,Steps
2,0.0001,0.1,25,999,0.9081803005008348,0.9126321647189761,Steps
0,0.0001,0.1,27,999,0.8914858096828047,0.9031719532554257,Steps
1,0.0001,0.1,27,999,0.9265442404006677,0.9031719532554257,Steps
2,0.0001,0.1,27,999,0.8914858096828047,0.9031719532554257,Steps
0,0.0001,0.1,29,999,0.8664440734557596,0.900946021146355,Steps
1,0.0001,0.1,29,999,0.9315525876460768,0.900946021146355,Steps
2,0.0001,0.1,29,999,0.9048414023372288,0.900946021146355,Steps
0,0.0001,0.1,31,999,0.8714524207011686,0.8970506399554813,Steps
1,0.0001,0.1,31,999,0.9232053422370617,0.8970506399554813,Steps
2,0.0001,0.1,31,999,0.8964941569282137,0.8970506399554813,Steps
0,0.0001,0.1,33,999,0.8764607679465777,0.9020589872008905,Steps
1,0.0001,0.1,33,999,0.9365609348914858,0.9020589872008905,Steps
2,0.0001,0.1,33,999,0.8931552587646077,0.9020589872008905,Steps
0,0.0001,0.1,35,999,0.8697829716193656,0.8981636060100167,Steps
1,0.0001,0.1,35,999,0.9265442404006677,0.8981636060100167,Steps
2,0.0001,0.1,35,999,0.8981636060100167,0.8981636060100167,Steps
0,0.0001,0.1,37,999,0.8631051752921536,0.8937117417918753,Steps
1,0.0001,0.1,37,999,0.9181969949916527,0.8937117417918753,Steps
2,0.0001,0.1,37,999,0.8998330550918197,0.8937117417918753,Steps
0,0.0001,0.1,39,999,0.8631051752921536,0.890929326655537,Steps
1,0.0001,0.1,39,999,0.9215358931552587,0.890929326655537,Steps
2,0.0001,0.1,39,999,0.8881469115191987,0.890929326655537,Steps
0,0.0001,0.1,41,999,0.8731218697829716,0.9065108514190316,Steps
1,0.0001,0.1,41,999,0.9449081803005008,0.9065108514190316,Steps
2,0.0001,0.1,41,999,0.9015025041736227,0.9065108514190316,Steps
0,0.0001,0.1,43,999,0.8747913188647746,0.9020589872008903,Steps
1,0.0001,0.1,43,999,0.9165275459098498,0.9020589872008903,Steps
2,0.0001,0.1,43,999,0.9148580968280468,0.9020589872008903,Steps
0,0.0001,0.1,45,999,0.8781302170283807,0.89259877573734,Steps
1,0.0001,0.1,45,999,0.9248747913188647,0.89259877573734,Steps
2,0.0001,0.1,45,999,0.8747913188647746,0.89259877573734,Steps
0,0.0001,0.1,47,999,0.8914858096828047,0.8953811908736783,Steps
1,0.0001,0.1,47,999,0.9265442404006677,0.8953811908736783,Steps
2,0.0001,0.1,47,999,0.8681135225375626,0.8953811908736783,Steps
0,0.0001,0.1,49,999,0.8814691151919867,0.9042849193099611,Steps
1,0.0001,0.1,49,999,0.9382303839732888,0.9042849193099611,Steps
2,0.0001,0.1,49,999,0.8931552587646077,0.9042849193099611,Steps
0,0.0001,0.1,51,999,0.8931552587646077,0.899276572064552,Steps
1,0.0001,0.1,51,999,0.9282136894824707,0.899276572064552,Steps
2,0.0001,0.1,51,999,0.8764607679465777,0.899276572064552,Steps
0,0.0001,0.1,53,999,0.8714524207011686,0.89259877573734,Steps
1,0.0001,0.1,53,999,0.9282136894824707,0.89259877573734,Steps
2,0.0001,0.1,53,999,0.8781302170283807,0.89259877573734,Steps
0,0.0001,0.1,55,999,0.8831385642737897,0.8987200890372843,Steps
1,0.0001,0.1,55,999,0.9215358931552587,0.8987200890372843,Steps
2,0.0001,0.1,55,999,0.8914858096828047,0.8987200890372843,Steps
0,0.0001,0.1,57,999,0.8747913188647746,0.9015025041736227,Steps
1,0.0001,0.1,57,999,0.9232053422370617,0.9015025041736227,Steps
2,0.0001,0.1,57,999,0.9065108514190318,0.9015025041736227,Steps
0,0.0001,0.1,59,999,0.8764607679465777,0.9003895381190873,Steps
1,0.0001,0.1,59,999,0.9348914858096828,0.9003895381190873,Steps
2,0.0001,0.1,59,999,0.8898163606010017,0.9003895381190873,Steps
0,0.0001,0.1,61,999,0.8831385642737897,0.894268224819143,Steps
1,0.0001,0.1,61,999,0.9232053422370617,0.894268224819143,Steps
2,0.0001,0.1,61,999,0.8764607679465777,0.894268224819143,Steps
0,0.0001,0.1,63,999,0.8731218697829716,0.8937117417918753,Steps
1,0.0001,0.1,63,999,0.9181969949916527,0.8937117417918753,Steps
2,0.0001,0.1,63,999,0.8898163606010017,0.8937117417918753,Steps
0,0.0001,0.1,65,999,0.8464106844741235,0.8937117417918753,Steps
1,0.0001,0.1,65,999,0.9298831385642737,0.8937117417918753,Steps
2,0.0001,0.1,65,999,0.9048414023372288,0.8937117417918753,Steps
0,0.0001,0.1,67,999,0.8731218697829716,0.890929326655537,Steps
1,0.0001,0.1,67,999,0.9131886477462438,0.890929326655537,Steps
2,0.0001,0.1,67,999,0.8864774624373957,0.890929326655537,Steps
0,0.0001,0.1,69,999,0.8664440734557596,0.8853644963828603,Steps
1,0.0001,0.1,69,999,0.9232053422370617,0.8853644963828603,Steps
2,0.0001,0.1,69,999,0.8664440734557596,0.8853644963828603,Steps
0,0.0001,0.1,71,999,0.8764607679465777,0.8887033945464663,Steps
1,0.0001,0.1,71,999,0.9198664440734557,0.8887033945464663,Steps
2,0.0001,0.1,71,999,0.8697829716193656,0.8887033945464663,Steps
0,0.0001,0.1,73,999,0.8480801335559266,0.8814691151919867,Steps
1,0.0001,0.1,73,999,0.9081803005008348,0.8814691151919867,Steps
2,0.0001,0.1,73,999,0.8881469115191987,0.8814691151919867,Steps
0,0.0001,0.1,75,999,0.8497495826377296,0.8864774624373957,Steps
1,0.0001,0.1,75,999,0.9265442404006677,0.8864774624373957,Steps
2,0.0001,0.1,75,999,0.8831385642737897,0.8864774624373957,Steps
0,0.0001,0.1,77,999,0.8580968280467446,0.89259877573734,Steps
1,0.0001,0.1,77,999,0.9232053422370617,0.89259877573734,Steps
2,0.0001,0.1,77,999,0.8964941569282137,0.89259877573734,Steps
0,0.0001,0.1,79,999,0.8731218697829716,0.8881469115191987,Steps
1,0.0001,0.1,79,999,0.9215358931552587,0.8881469115191987,Steps
2,0.0001,0.1,79,999,0.8697829716193656,0.8881469115191987,Steps
0,0.0001,0.1,81,999,0.8831385642737897,0.887590428491931,Steps
1,0.0001,0.1,81,999,0.9265442404006677,0.887590428491931,Steps
2,0.0001,0.1,81,999,0.8530884808013356,0.887590428491931,Steps
0,0.0001,0.1,83,999,0.8530884808013356,0.8770172509738453,Steps
1,0.0001,0.1,83,999,0.9015025041736227,0.8770172509738453,Steps
2,0.0001,0.1,83,999,0.8764607679465777,0.8770172509738453,Steps
0,0.0001,0.1,85,999,0.8714524207011686,0.8887033945464663,Steps
1,0.0001,0.1,85,999,0.9282136894824707,0.8887033945464663,Steps
2,0.0001,0.1,85,999,0.8664440734557596,0.8887033945464663,Steps
0,0.0001,0.1,87,999,0.8547579298831386,0.8864774624373957,Steps
1,0.0001,0.1,87,999,0.9265442404006677,0.8864774624373957,Steps
2,0.0001,0.1,87,999,0.8781302170283807,0.8864774624373957,Steps
0,0.0001,0.1,89,999,0.8597662771285476,0.8664440734557597,Steps
1,0.0001,0.1,89,999,0.8814691151919867,0.8664440734557597,Steps
2,0.0001,0.1,89,999,0.8580968280467446,0.8664440734557597,Steps
0,0.0001,0.1,91,999,0.8714524207011686,0.877573734001113,Steps
1,0.0001,0.1,91,999,0.9098497495826378,0.877573734001113,Steps
2,0.0001,0.1,91,999,0.8514190317195326,0.877573734001113,Steps
0,0.0001,0.1,93,999,0.8747913188647746,0.885920979410128,Steps
1,0.0001,0.1,93,999,0.9065108514190318,0.885920979410128,Steps
2,0.0001,0.1,93,999,0.8764607679465777,0.885920979410128,Steps
0,0.0001,0.1,95,999,0.8631051752921536,0.8781302170283807,Steps
1,0.0001,0.1,95,999,0.8981636060100167,0.8781302170283807,Steps
2,0.0001,0.1,95,999,0.8731218697829716,0.8781302170283807,Steps
0,0.0001,0.1,97,999,0.8731218697829716,0.8853644963828603,Steps
1,0.0001,0.1,97,999,0.8948247078464107,0.8853644963828603,Steps
2,0.0001,0.1,97,999,0.8881469115191987,0.8853644963828603,Steps
0,0.0001,0.1,99,999,0.8530884808013356,0.8853644963828603,Steps
1,0.0001,0.1,99,999,0.9165275459098498,0.8853644963828603,Steps
2,0.0001,0.1,99,999,0.8864774624373957,0.8853644963828603,Steps
0,0.0001,0.1,101,999,0.8447412353923205,0.8781302170283807,Steps
1,0.0001,0.1,101,999,0.9165275459098498,0.8781302170283807,Steps
2,0.0001,0.1,101,999,0.8731218697829716,0.8781302170283807,Steps
0,0.0001,0.1,103,999,0.8647746243739566,0.8814691151919867,Steps
1,0.0001,0.1,103,999,0.9048414023372288,0.8814691151919867,Steps
2,0.0001,0.1,103,999,0.8747913188647746,0.8814691151919867,Steps
0,0.0001,0.1,105,999,0.8647746243739566,0.8870339454646633,Steps
1,0.0001,0.1,105,999,0.9148580968280468,0.8870339454646633,Steps
2,0.0001,0.1,105,999,0.8814691151919867,0.8870339454646633,Steps
0,0.0001,0.1,107,999,0.8514190317195326,0.872565386755704,Steps
1,0.0001,0.1,107,999,0.9031719532554258,0.872565386755704,Steps
2,0.0001,0.1,107,999,0.8631051752921536,0.872565386755704,Steps
0,0.0001,0.1,109,999,0.8664440734557596,0.8708959376739008,Steps
1,0.0001,0.1,109,999,0.9081803005008348,0.8708959376739008,Steps
2,0.0001,0.1,109,999,0.8380634390651085,0.8708959376739008,Steps
0,0.0001,0.1,111,999,0.8430717863105175,0.8642181413466888,Steps
1,0.0001,0.1,111,999,0.9015025041736227,0.8642181413466888,Steps
2,0.0001,0.1,111,999,0.8480801335559266,0.8642181413466888,Steps
0,0.0001,0.1,113,999,0.8430717863105175,0.8781302170283807,Steps
1,0.0001,0.1,113,999,0.9215358931552587,0.8781302170283807,Steps
2,0.0001,0.1,113,999,0.8697829716193656,0.8781302170283807,Steps
0,0.0001,0.1,115,999,0.8580968280467446,0.880912632164719,Steps
1,0.0001,0.1,115,999,0.9248747913188647,0.880912632164719,Steps
2,0.0001,0.1,115,999,0.8597662771285476,0.880912632164719,Steps
0,0.0001,0.1,117,999,0.8447412353923205,0.87590428491931,Steps
1,0.0001,0.1,117,999,0.9065108514190318,0.87590428491931,Steps
2,0.0001,0.1,117,999,0.8764607679465777,0.87590428491931,Steps
0,0.0001,0.1,119,999,0.8480801335559266,0.8697829716193657,Steps
1,0.0001,0.1,119,999,0.8814691151919867,0.8697829716193657,Steps
2,0.0001,0.1,119,999,0.8797996661101837,0.8697829716193657,Steps
0,0.0001,0.1,121,999,0.8180300500834724,0.8647746243739566,Steps
1,0.0001,0.1,121,999,0.8948247078464107,0.8647746243739566,Steps
2,0.0001,0.1,121,999,0.8814691151919867,0.8647746243739566,Steps
0,0.0001,0.1,123,999,0.8180300500834724,0.8603227601558152,Steps
1,0.0001,0.1,123,999,0.9131886477462438,0.8603227601558152,Steps
2,0.0001,0.1,123,999,0.8497495826377296,0.8603227601558152,Steps
0,0.0001,0.1,125,999,0.8196994991652755,0.8731218697829717,Steps
1,0.0001,0.1,125,999,0.9115191986644408,0.8731218697829717,Steps
2,0.0001,0.1,125,999,0.8881469115191987,0.8731218697829717,Steps
0,0.0001,0.1,127,999,0.8497495826377296,0.8814691151919867,Steps
1,0.0001,0.1,127,999,0.9215358931552587,0.8814691151919867,Steps
2,0.0001,0.1,127,999,0.8731218697829716,0.8814691151919867,Steps
0,0.0001,0.1,129,999,0.8213689482470785,0.8670005564830273,Steps
1,0.0001,0.1,129,999,0.8998330550918197,0.8670005564830273,Steps
2,0.0001,0.1,129,999,0.8797996661101837,0.8670005564830273,Steps
0,0.0001,0.1,131,999,0.8330550918196995,0.8731218697829717,Steps
1,0.0001,0.1,131,999,0.9065108514190318,0.8731218697829717,Steps
2,0.0001,0.1,131,999,0.8797996661101837,0.8731218697829717,Steps
0,0.0001,0.1,133,999,0.8580968280467446,0.8803561491374513,Steps
1,0.0001,0.1,133,999,0.9048414023372288,0.8803561491374513,Steps
2,0.0001,0.1,133,999,0.8781302170283807,0.8803561491374513,Steps
0,0.0001,0.1,135,999,0.7979966611018364,0.8547579298831386,Steps
1,0.0001,0.1,135,999,0.8998330550918197,0.8547579298831386,Steps
2,0.0001,0.1,135,999,0.8664440734557596,0.8547579298831386,Steps
0,0.0001,0.1,137,999,0.8330550918196995,0.8797996661101837,Steps
1,0.0001,0.1,137,999,0.9248747913188647,0.8797996661101837,Steps
2,0.0001,0.1,137,999,0.8814691151919867,0.8797996661101837,Steps
0,0.0001,0.1,139,999,0.8580968280467446,0.8820255982192543,Steps
1,0.0001,0.1,139,999,0.9215358931552587,0.8820255982192543,Steps
2,0.0001,0.1,139,999,0.8664440734557596,0.8820255982192543,Steps
0,0.0001,0.1,141,999,0.8380634390651085,0.8714524207011687,Steps
1,0.0001,0.1,141,999,0.9081803005008348,0.8714524207011687,Steps
2,0.0001,0.1,141,999,0.8681135225375626,0.8714524207011687,Steps
0,0.0001,0.1,143,999,0.8414023372287145,0.8681135225375626,Steps
1,0.0001,0.1,143,999,0.8914858096828047,0.8681135225375626,Steps
2,0.0001,0.1,143,999,0.8714524207011686,0.8681135225375626,Steps
0,0.0001,0.1,145,999,0.8380634390651085,0.8692264885920978,Steps
1,0.0001,0.1,145,999,0.9015025041736227,0.8692264885920978,Steps
2,0.0001,0.1,145,999,0.8681135225375626,0.8692264885920978,Steps
0,0.0001,0.1,147,999,0.8263772954924875,0.8542014468558708,Steps
1,0.0001,0.1,147,999,0.8998330550918197,0.8542014468558708,Steps
2,0.0001,0.1,147,999,0.8363939899833055,0.8542014468558708,Steps
0,0.0001,0.1,149,999,0.8580968280467446,0.8664440734557596,Steps
1,0.0001,0.1,149,999,0.9098497495826378,0.8664440734557596,Steps
2,0.0001,0.1,149,999,0.8313856427378965,0.8664440734557596,Steps
0,0.0001,0.1,151,999,0.8430717863105175,0.8681135225375626,Steps
1,0.0001,0.1,151,999,0.8998330550918197,0.8681135225375626,Steps
2,0.0001,0.1,151,999,0.8614357262103506,0.8681135225375626,Steps
0,0.0001,0.1,153,999,0.8447412353923205,0.8658875904284918,Steps
1,0.0001,0.1,153,999,0.9015025041736227,0.8658875904284918,Steps
2,0.0001,0.1,153,999,0.8514190317195326,0.8658875904284918,Steps
0,0.0001,0.1,155,999,0.8464106844741235,0.8675570395102948,Steps
1,0.0001,0.1,155,999,0.9131886477462438,0.8675570395102948,Steps
2,0.0001,0.1,155,999,0.8430717863105175,0.8675570395102948,Steps
0,0.0001,0.1,157,999,0.8363939899833055,0.885920979410128,Steps
1,0.0001,0.1,157,999,0.9315525876460768,0.885920979410128,Steps
2,0.0001,0.1,157,999,0.8898163606010017,0.885920979410128,Steps
0,0.0001,0.1,159,999,0.8597662771285476,0.87590428491931,Steps
1,0.0001,0.1,159,999,0.9015025041736227,0.87590428491931,Steps
2,0.0001,0.1,159,999,0.8664440734557596,0.87590428491931,Steps
0,0.0001,0.1,161,999,0.8414023372287145,0.8686700055648303,Steps
1,0.0001,0.1,161,999,0.9065108514190318,0.8686700055648303,Steps
2,0.0001,0.1,161,999,0.8580968280467446,0.8686700055648303,Steps
0,0.0001,0.1,163,999,0.8397328881469115,0.87590428491931,Steps
1,0.0001,0.1,163,999,0.9098497495826378,0.87590428491931,Steps
2,0.0001,0.1,163,999,0.8781302170283807,0.87590428491931,Steps
0,0.0001,0.1,165,999,0.8497495826377296,0.8658875904284921,Steps
1,0.0001,0.1,165,999,0.8981636060100167,0.8658875904284921,Steps
2,0.0001,0.1,165,999,0.8497495826377296,0.8658875904284921,Steps
0,0.0001,0.1,167,999,0.8530884808013356,0.8736783528102393,Steps
1,0.0001,0.1,167,999,0.9148580968280468,0.8736783528102393,Steps
2,0.0001,0.1,167,999,0.8530884808013356,0.8736783528102393,Steps
0,0.0001,0.1,169,999,0.8530884808013356,0.8714524207011687,Steps
1,0.0001,0.1,169,999,0.8998330550918197,0.8714524207011687,Steps
2,0.0001,0.1,169,999,0.8614357262103506,0.8714524207011687,Steps
0,0.0001,0.1,171,999,0.8580968280467446,0.8764607679465777,Steps
1,0.0001,0.1,171,999,0.9065108514190318,0.8764607679465777,Steps
2,0.0001,0.1,171,999,0.8647746243739566,0.8764607679465777,Steps
0,0.0001,0.1,173,999,0.8397328881469115,0.8647746243739566,Steps
1,0.0001,0.1,173,999,0.8998330550918197,0.8647746243739566,Steps
2,0.0001,0.1,173,999,0.8547579298831386,0.8647746243739566,Steps
0,0.0001,0.1,175,999,0.8464106844741235,0.8592097941012798,Steps
1,0.0001,0.1,175,999,0.8898163606010017,0.8592097941012798,Steps
2,0.0001,0.1,175,999,0.8414023372287145,0.8592097941012798,Steps
0,0.0001,0.1,177,999,0.8514190317195326,0.8681135225375627,Steps
1,0.0001,0.1,177,999,0.8964941569282137,0.8681135225375627,Steps
2,0.0001,0.1,177,999,0.8564273789649416,0.8681135225375627,Steps
0,0.0001,0.1,179,999,0.8464106844741235,0.8631051752921536,Steps
1,0.0001,0.1,179,999,0.8914858096828047,0.8631051752921536,Steps
2,0.0001,0.1,179,999,0.8514190317195326,0.8631051752921536,Steps
0,0.0001,0.1,181,999,0.8414023372287145,0.8608792431830828,Steps
1,0.0001,0.1,181,999,0.9081803005008348,0.8608792431830828,Steps
2,0.0001,0.1,181,999,0.8330550918196995,0.8608792431830828,Steps
0,0.0001,0.1,183,999,0.8480801335559266,0.8642181413466891,Steps
1,0.0001,0.1,183,999,0.8848080133555927,0.8642181413466891,Steps
2,0.0001,0.1,183,999,0.8597662771285476,0.8642181413466891,Steps
0,0.0001,0.1,185,999,0.8430717863105175,0.8625486922648858,Steps
1,0.0001,0.1,185,999,0.8764607679465777,0.8625486922648858,Steps
2,0.0001,0.1,185,999,0.8681135225375626,0.8625486922648858,Steps
0,0.0001,0.1,187,999,0.8363939899833055,0.8525319977740679,Steps
1,0.0001,0.1,187,999,0.8731218697829716,0.8525319977740679,Steps
2,0.0001,0.1,187,999,0.8480801335559266,0.8525319977740679,Steps
0,0.0001,0.1,189,999,0.8397328881469115,0.8736783528102393,Steps
1,0.0001,0.1,189,999,0.8998330550918197,0.8736783528102393,Steps
2,0.0001,0.1,189,999,0.8814691151919867,0.8736783528102393,Steps
0,0.0001,0.1,191,999,0.8163606010016694,0.8469671675013911,Steps
1,0.0001,0.1,191,999,0.8898163606010017,0.8469671675013911,Steps
2,0.0001,0.1,191,999,0.8347245409015025,0.8469671675013911,Steps
0,0.0001,0.1,193,999,0.8514190317195326,0.8653311074012242,Steps
1,0.0001,0.1,193,999,0.8998330550918197,0.8653311074012242,Steps
2,0.0001,0.1,193,999,0.8447412353923205,0.8653311074012242,Steps
0,0.0001,0.1,195,999,0.8096828046744574,0.8491930996104619,Steps
1,0.0001,0.1,195,999,0.8881469115191987,0.8491930996104619,Steps
2,0.0001,0.1,195,999,0.8497495826377296,0.8491930996104619,Steps
0,0.0001,0.1,197,999,0.8414023372287145,0.8647746243739566,Steps
1,0.0001,0.1,197,999,0.8964941569282137,0.8647746243739566,Steps
2,0.0001,0.1,197,999,0.8564273789649416,0.8647746243739566,Steps
0,0.0001,0.1,200,999,0.8063439065108514,0.8430717863105176,Steps
1,0.0001,0.1,200,999,0.8898163606010017,0.8430717863105176,Steps
2,0.0001,0.1,200,999,0.8330550918196995,0.8430717863105176,Steps
0,0.0001,0.1,50,185994,0.8597662771285476,0.8898163606010017,Random state
1,0.0001,0.1,50,185994,0.9131886477462438,0.8898163606010017,Random state
2,0.0001,0.1,50,185994,0.8964941569282137,0.8898163606010017,Random state
0,0.0001,0.1,50,932502,0.8714524207011686,0.8770172509738453,Random state
1,0.0001,0.1,50,932502,0.8998330550918197,0.8770172509738453,Random state
2,0.0001,0.1,50,932502,0.8597662771285476,0.8770172509738453,Random state
0,0.0001,0.1,50,409215,0.8230383973288815,0.8703394546466333,Random state
1,0.0001,0.1,50,409215,0.8964941569282137,0.8703394546466333,Random state
2,0.0001,0.1,50,409215,0.8914858096828047,0.8703394546466333,Random state
0,0.0001,0.1,50,379428,0.8781302170283807,0.89259877573734,Random state
1,0.0001,0.1,50,379428,0.9165275459098498,0.89259877573734,Random state
2,0.0001,0.1,50,379428,0.8831385642737897,0.89259877573734,Random state
0,0.0001,0.1,50,101808,0.8864774624373957,0.8920422927100723,Random state
1,0.0001,0.1,50,101808,0.9181969949916527,0.8920422927100723,Random state
2,0.0001,0.1,50,101808,0.8714524207011686,0.8920422927100723,Random state
0,0.0001,0.1,50,312035,0.8747913188647746,0.8948247078464107,Random state
1,0.0001,0.1,50,312035,0.9248747913188647,0.8948247078464107,Random state
2,0.0001,0.1,50,312035,0.8848080133555927,0.8948247078464107,Random state
0,0.0001,0.1,50,314012,0.8731218697829716,0.8931552587646077,Random state
1,0.0001,0.1,50,314012,0.9148580968280468,0.8931552587646077,Random state
2,0.0001,0.1,50,314012,0.8914858096828047,0.8931552587646077,Random state
0,0.0001,0.1,50,762323,0.8831385642737897,0.897607122982749,Random state
1,0.0001,0.1,50,762323,0.9148580968280468,0.897607122982749,Random state
2,0.0001,0.1,50,762323,0.8948247078464107,0.897607122982749,Random state
0,0.0001,0.1,50,545920,0.8931552587646077,0.902615470228158,Random state
1,0.0001,0.1,50,545920,0.9332220367278798,0.902615470228158,Random state
2,0.0001,0.1,50,545920,0.8814691151919867,0.902615470228158,Random state
0,0.0001,0.1,50,805982,0.8514190317195326,0.8898163606010017,Random state
1,0.0001,0.1,50,805982,0.9248747913188647,0.8898163606010017,Random state
2,0.0001,0.1,50,805982,0.8931552587646077,0.8898163606010017,Random state
0,0.0001,0.1,50,213855,0.8814691151919867,0.8898163606010017,Random state
1,0.0001,0.1,50,213855,0.9015025041736227,0.8898163606010017,Random state
2,0.0001,0.1,50,213855,0.8864774624373957,0.8898163606010017,Random state
0,0.0001,0.1,50,645983,0.8664440734557596,0.8914858096828047,Random state
1,0.0001,0.1,50,645983,0.9098497495826378,0.8914858096828047,Random state
2,0.0001,0.1,50,645983,0.8981636060100167,0.8914858096828047,Random state
0,0.0001,0.1,50,519508,0.8764607679465777,0.904284919309961,Random state
1,0.0001,0.1,50,519508,0.9282136894824707,0.904284919309961,Random state
2,0.0001,0.1,50,519508,0.9081803005008348,0.904284919309961,Random state
0,0.0001,0.1,50,313418,0.8497495826377296,0.890929326655537,Random state
1,0.0001,0.1,50,313418,0.9215358931552587,0.890929326655537,Random state
2,0.0001,0.1,50,313418,0.9015025041736227,0.890929326655537,Random state
0,0.0001,0.1,50,491642,0.8664440734557596,0.880912632164719,Random state
1,0.0001,0.1,50,491642,0.8831385642737897,0.880912632164719,Random state
2,0.0001,0.1,50,491642,0.8931552587646077,0.880912632164719,Random state
0,0.0001,0.1,50,319304,0.8697829716193656,0.8948247078464107,Random state
1,0.0001,0.1,50,319304,0.9181969949916527,0.8948247078464107,Random state
2,0.0001,0.1,50,319304,0.8964941569282137,0.8948247078464107,Random state
0,0.0001,0.1,50,445455,0.8414023372287145,0.889259877573734,Random state
1,0.0001,0.1,50,445455,0.9232053422370617,0.889259877573734,Random state
2,0.0001,0.1,50,445455,0.9031719532554258,0.889259877573734,Random state
0,0.0001,0.1,50,854553,0.8647746243739566,0.8981636060100167,Random state
1,0.0001,0.1,50,854553,0.9248747913188647,0.8981636060100167,Random state
2,0.0001,0.1,50,854553,0.9048414023372288,0.8981636060100167,Random state
0,0.0001,0.1,50,689665,0.8697829716193656,0.8898163606010017,Random state
1,0.0001,0.1,50,689665,0.9165275459098498,0.8898163606010017,Random state
2,0.0001,0.1,50,689665,0.8831385642737897,0.8898163606010017,Random state
0,0.0001,0.1,50,233601,0.8747913188647746,0.9048414023372287,Random state
1,0.0001,0.1,50,233601,0.9348914858096828,0.9048414023372287,Random state
2,0.0001,0.1,50,233601,0.9048414023372288,0.9048414023372287,Random state
0,0.0001,0.1,50,675230,0.8764607679465777,0.889259877573734,Random state
1,0.0001,0.1,50,675230,0.9048414023372288,0.889259877573734,Random state
2,0.0001,0.1,50,675230,0.8864774624373957,0.889259877573734,Random state
0,0.0001,0.1,50,673636,0.8647746243739566,0.89259877573734,Random state
1,0.0001,0.1,50,673636,0.9165275459098498,0.89259877573734,Random state
2,0.0001,0.1,50,673636,0.8964941569282137,0.89259877573734,Random state
0,0.0001,0.1,50,649786,0.8530884808013356,0.8836950473010573,Random state
1,0.0001,0.1,50,649786,0.9048414023372288,0.8836950473010573,Random state
2,0.0001,0.1,50,649786,0.8931552587646077,0.8836950473010573,Random state
0,0.0001,0.1,50,937015,0.8580968280467446,0.885920979410128,Random state
1,0.0001,0.1,50,937015,0.9265442404006677,0.885920979410128,Random state
2,0.0001,0.1,50,937015,0.8731218697829716,0.885920979410128,Random state
0,0.0001,0.1,50,834849,0.8881469115191987,0.8970506399554813,Random state
1,0.0001,0.1,50,834849,0.9098497495826378,0.8970506399554813,Random state
2,0.0001,0.1,50,834849,0.8931552587646077,0.8970506399554813,Random state
0,0.0001,0.1,50,792481,0.8797996661101837,0.8820255982192543,Random state
1,0.0001,0.1,50,792481,0.9098497495826378,0.8820255982192543,Random state
2,0.0001,0.1,50,792481,0.8564273789649416,0.8820255982192543,Random state
0,0.0001,0.1,50,176860,0.8614357262103506,0.8736783528102393,Random state
1,0.0001,0.1,50,176860,0.8797996661101837,0.8736783528102393,Random state
2,0.0001,0.1,50,176860,0.8797996661101837,0.8736783528102393,Random state
0,0.0001,0.1,50,698501,0.8647746243739566,0.8898163606010017,Random state
1,0.0001,0.1,50,698501,0.9081803005008348,0.8898163606010017,Random state
2,0.0001,0.1,50,698501,0.8964941569282137,0.8898163606010017,Random state
0,0.0001,0.1,50,740525,0.8814691151919867,0.9031719532554257,Random state
1,0.0001,0.1,50,740525,0.9215358931552587,0.9031719532554257,Random state
2,0.0001,0.1,50,740525,0.9065108514190318,0.9031719532554257,Random state
0,0.0001,0.1,50,898599,0.8831385642737897,0.895937673900946,Random state
1,0.0001,0.1,50,898599,0.9198664440734557,0.895937673900946,Random state
2,0.0001,0.1,50,898599,0.8848080133555927,0.895937673900946,Random state
0,0.0001,0.1,50,341207,0.8681135225375626,0.8948247078464107,Random state
1,0.0001,0.1,50,341207,0.9282136894824707,0.8948247078464107,Random state
2,0.0001,0.1,50,341207,0.8881469115191987,0.8948247078464107,Random state
0,0.0001,0.1,50,318768,0.8764607679465777,0.8981636060100167,Random state
1,0.0001,0.1,50,318768,0.9298831385642737,0.8981636060100167,Random state
2,0.0001,0.1,50,318768,0.8881469115191987,0.8981636060100167,Random state
0,0.0001,0.1,50,810374,0.8864774624373957,0.899276572064552,Random state
1,0.0001,0.1,50,810374,0.9332220367278798,0.899276572064552,Random state
2,0.0001,0.1,50,810374,0.8781302170283807,0.899276572064552,Random state
0,0.0001,0.1,50,440185,0.8213689482470785,0.8642181413466888,Random state
1,0.0001,0.1,50,440185,0.8848080133555927,0.8642181413466888,Random state
2,0.0001,0.1,50,440185,0.8864774624373957,0.8642181413466888,Random state
0,0.0001,0.1,50,815030,0.8597662771285476,0.8831385642737897,Random state
1,0.0001,0.1,50,815030,0.9131886477462438,0.8831385642737897,Random state
2,0.0001,0.1,50,815030,0.8764607679465777,0.8831385642737897,Random state
0,0.0001,0.1,50,880597,0.8747913188647746,0.8964941569282137,Random state
1,0.0001,0.1,50,880597,0.9215358931552587,0.8964941569282137,Random state
2,0.0001,0.1,50,880597,0.8931552587646077,0.8964941569282137,Random state
0,0.0001,0.1,50,816232,0.8781302170283807,0.8998330550918197,Random state
1,0.0001,0.1,50,816232,0.9215358931552587,0.8998330550918197,Random state
2,0.0001,0.1,50,816232,0.8998330550918197,0.8998330550918197,Random state
0,0.0001,0.1,50,925461,0.8614357262103506,0.8920422927100723,Random state
1,0.0001,0.1,50,925461,0.9131886477462438,0.8920422927100723,Random state
2,0.0001,0.1,50,925461,0.9015025041736227,0.8920422927100723,Random state
0,0.0001,0.1,50,344010,0.8814691151919867,0.8970506399554813,Random state
1,0.0001,0.1,50,344010,0.9232053422370617,0.8970506399554813,Random state
2,0.0001,0.1,50,344010,0.8864774624373957,0.8970506399554813,Random state
0,0.0001,0.1,50,784768,0.8681135225375626,0.880912632164719,Random state
1,0.0001,0.1,50,784768,0.8948247078464107,0.880912632164719,Random state
2,0.0001,0.1,50,784768,0.8797996661101837,0.880912632164719,Random state
0,0.0001,0.1,50,667369,0.8714524207011686,0.8864774624373957,Random state
1,0.0001,0.1,50,667369,0.9081803005008348,0.8864774624373957,Random state
2,0.0001,0.1,50,667369,0.8797996661101837,0.8864774624373957,Random state
0,0.0001,0.1,50,171399,0.8480801335559266,0.880912632164719,Random state
1,0.0001,0.1,50,171399,0.9098497495826378,0.880912632164719,Random state
2,0.0001,0.1,50,171399,0.8848080133555927,0.880912632164719,Random state
0,0.0001,0.1,50,217772,0.8414023372287145,0.8781302170283807,Random state
1,0.0001,0.1,50,217772,0.9198664440734557,0.8781302170283807,Random state
2,0.0001,0.1,50,217772,0.8731218697829716,0.8781302170283807,Random state
0,0.0001,0.1,50,370284,0.8781302170283807,0.8903728436282693,Random state
1,0.0001,0.1,50,370284,0.9215358931552587,0.8903728436282693,Random state
2,0.0001,0.1,50,370284,0.8714524207011686,0.8903728436282693,Random state
0,0.0001,0.1,50,390053,0.8814691151919867,0.8998330550918197,Random state
1,0.0001,0.1,50,390053,0.9098497495826378,0.8998330550918197,Random state
2,0.0001,0.1,50,390053,0.9081803005008348,0.8998330550918197,Random state
0,0.0001,0.1,50,245009,0.8814691151919867,0.8864774624373957,Random state
1,0.0001,0.1,50,245009,0.9215358931552587,0.8864774624373957,Random state
2,0.0001,0.1,50,245009,0.8564273789649416,0.8864774624373957,Random state
0,0.0001,0.1,50,383673,0.8397328881469115,0.8831385642737897,Random state
1,0.0001,0.1,50,383673,0.9181969949916527,0.8831385642737897,Random state
2,0.0001,0.1,50,383673,0.8914858096828047,0.8831385642737897,Random state
0,0.0001,0.1,50,572975,0.9165275459098498,0.8970506399554813,Random state
1,0.0001,0.1,50,572975,0.9015025041736227,0.8970506399554813,Random state
2,0.0001,0.1,50,572975,0.8731218697829716,0.8970506399554813,Random state
0,0.0001,0.1,50,681263,0.8530884808013356,0.8736783528102393,Random state
1,0.0001,0.1,50,681263,0.8981636060100167,0.8736783528102393,Random state
2,0.0001,0.1,50,681263,0.8697829716193656,0.8736783528102393,Random state
0,0.0001,0.1,50,775580,0.8731218697829716,0.89259877573734,Random state
1,0.0001,0.1,50,775580,0.9181969949916527,0.89259877573734,Random state
2,0.0001,0.1,50,775580,0.8864774624373957,0.89259877573734,Random state
0,0.0001,0.1,50,150424,0.8247078464106845,0.8697829716193657,Random state
1,0.0001,0.1,50,150424,0.9098497495826378,0.8697829716193657,Random state
2,0.0001,0.1,50,150424,0.8747913188647746,0.8697829716193657,Random state
0,0.0001,0.1,50,886784,0.8848080133555927,0.882582081246522,Random state
1,0.0001,0.1,50,886784,0.8647746243739566,0.882582081246522,Random state
2,0.0001,0.1,50,886784,0.8981636060100167,0.882582081246522,Random state
0,0.0001,0.1,50,418361,0.8914858096828047,0.890929326655537,Random state
1,0.0001,0.1,50,418361,0.8964941569282137,0.890929326655537,Random state
2,0.0001,0.1,50,418361,0.8848080133555927,0.890929326655537,Random state
0,0.0001,0.1,50,823986,0.8848080133555927,0.895937673900946,Random state
1,0.0001,0.1,50,823986,0.9248747913188647,0.895937673900946,Random state
2,0.0001,0.1,50,823986,0.8781302170283807,0.895937673900946,Random state
0,0.0001,0.1,50,162056,0.8848080133555927,0.882582081246522,Random state
1,0.0001,0.1,50,162056,0.8764607679465777,0.882582081246522,Random state
2,0.0001,0.1,50,162056,0.8864774624373957,0.882582081246522,Random state
0,0.0001,0.1,50,254193,0.8681135225375626,0.8864774624373957,Random state
1,0.0001,0.1,50,254193,0.9098497495826378,0.8864774624373957,Random state
2,0.0001,0.1,50,254193,0.8814691151919867,0.8864774624373957,Random state
0,0.0001,0.1,50,214601,0.8664440734557596,0.889259877573734,Random state
1,0.0001,0.1,50,214601,0.9081803005008348,0.889259877573734,Random state
2,0.0001,0.1,50,214601,0.8931552587646077,0.889259877573734,Random state
0,0.0001,0.1,50,509685,0.8681135225375626,0.8870339454646633,Random state
1,0.0001,0.1,50,509685,0.9031719532554258,0.8870339454646633,Random state
2,0.0001,0.1,50,509685,0.8898163606010017,0.8870339454646633,Random state
0,0.0001,0.1,50,663708,0.8480801335559266,0.887590428491931,Random state
1,0.0001,0.1,50,663708,0.9332220367278798,0.887590428491931,Random state
2,0.0001,0.1,50,663708,0.8814691151919867,0.887590428491931,Random state
0,0.0001,0.1,50,108094,0.8714524207011686,0.9070673344462993,Random state
1,0.0001,0.1,50,108094,0.9432387312186978,0.9070673344462993,Random state
2,0.0001,0.1,50,108094,0.9065108514190318,0.9070673344462993,Random state
0,0.0001,0.1,50,345036,0.8530884808013356,0.887590428491931,Random state
1,0.0001,0.1,50,345036,0.9148580968280468,0.887590428491931,Random state
2,0.0001,0.1,50,345036,0.8948247078464107,0.887590428491931,Random state
0,0.0001,0.1,50,309049,0.8797996661101837,0.890929326655537,Random state
1,0.0001,0.1,50,309049,0.9115191986644408,0.890929326655537,Random state
2,0.0001,0.1,50,309049,0.8814691151919867,0.890929326655537,Random state
0,0.0001,0.1,50,964092,0.8497495826377296,0.8881469115191987,Random state
1,0.0001,0.1,50,964092,0.9332220367278798,0.8881469115191987,Random state
2,0.0001,0.1,50,964092,0.8814691151919867,0.8881469115191987,Random state
0,0.0001,0.1,50,929020,0.8681135225375626,0.897607122982749,Random state
1,0.0001,0.1,50,929020,0.9198664440734557,0.897607122982749,Random state
2,0.0001,0.1,50,929020,0.9048414023372288,0.897607122982749,Random state
0,0.0001,0.1,50,999128,0.8797996661101837,0.8931552587646077,Random state
1,0.0001,0.1,50,999128,0.8981636060100167,0.8931552587646077,Random state
2,0.0001,0.1,50,999128,0.9015025041736227,0.8931552587646077,Random state
0,0.0001,0.1,50,591216,0.9015025041736227,0.8831385642737896,Random state
1,0.0001,0.1,50,591216,0.9165275459098498,0.8831385642737896,Random state
2,0.0001,0.1,50,591216,0.8313856427378965,0.8831385642737896,Random state
0,0.0001,0.1,50,317204,0.8898163606010017,0.9020589872008903,Random state
1,0.0001,0.1,50,317204,0.9181969949916527,0.9020589872008903,Random state
2,0.0001,0.1,50,317204,0.8981636060100167,0.9020589872008903,Random state
0,0.0001,0.1,50,226531,0.8263772954924875,0.8647746243739567,Random state
1,0.0001,0.1,50,226531,0.9181969949916527,0.8647746243739567,Random state
2,0.0001,0.1,50,226531,0.8497495826377296,0.8647746243739567,Random state
0,0.0001,0.1,50,672092,0.9031719532554258,0.9042849193099611,Random state
1,0.0001,0.1,50,672092,0.9181969949916527,0.9042849193099611,Random state
2,0.0001,0.1,50,672092,0.8914858096828047,0.9042849193099611,Random state
0,0.0001,0.1,50,915077,0.8580968280467446,0.8848080133555927,Random state
1,0.0001,0.1,50,915077,0.9015025041736227,0.8848080133555927,Random state
2,0.0001,0.1,50,915077,0.8948247078464107,0.8848080133555927,Random state
0,0.0001,0.1,50,655115,0.8964941569282137,0.8998330550918197,Random state
1,0.0001,0.1,50,655115,0.9065108514190318,0.8998330550918197,Random state
2,0.0001,0.1,50,655115,0.8964941569282137,0.8998330550918197,Random state
0,0.0001,0.1,50,823272,0.8647746243739566,0.8836950473010573,Random state
1,0.0001,0.1,50,823272,0.8964941569282137,0.8836950473010573,Random state
2,0.0001,0.1,50,823272,0.8898163606010017,0.8836950473010573,Random state
0,0.0001,0.1,50,991893,0.8614357262103506,0.8898163606010017,Random state
1,0.0001,0.1,50,991893,0.9031719532554258,0.8898163606010017,Random state
2,0.0001,0.1,50,991893,0.9048414023372288,0.8898163606010017,Random state
0,0.0001,0.1,50,446101,0.8814691151919867,0.889259877573734,Random state
1,0.0001,0.1,50,446101,0.8964941569282137,0.889259877573734,Random state
2,0.0001,0.1,50,446101,0.8898163606010017,0.889259877573734,Random state
0,0.0001,0.1,50,538681,0.8831385642737897,0.8964941569282137,Random state
1,0.0001,0.1,50,538681,0.9031719532554258,0.8964941569282137,Random state
2,0.0001,0.1,50,538681,0.9031719532554258,0.8964941569282137,Random state
0,0.0001,0.1,50,106899,0.8414023372287145,0.8670005564830273,Random state
1,0.0001,0.1,50,106899,0.9165275459098498,0.8670005564830273,Random state
2,0.0001,0.1,50,106899,0.8430717863105175,0.8670005564830273,Random state
0,0.0001,0.1,50,608027,0.8631051752921536,0.8864774624373957,Random state
1,0.0001,0.1,50,608027,0.9131886477462438,0.8864774624373957,Random state
2,0.0001,0.1,50,608027,0.8831385642737897,0.8864774624373957,Random state
0,0.0001,0.1,50,531100,0.8464106844741235,0.885920979410128,Random state
1,0.0001,0.1,50,531100,0.9215358931552587,0.885920979410128,Random state
2,0.0001,0.1,50,531100,0.8898163606010017,0.885920979410128,Random state
0,0.0001,0.1,50,452053,0.8464106844741235,0.8747913188647747,Random state
1,0.0001,0.1,50,452053,0.8964941569282137,0.8747913188647747,Random state
2,0.0001,0.1,50,452053,0.8814691151919867,0.8747913188647747,Random state
0,0.0001,0.1,50,111696,0.8714524207011686,0.890929326655537,Random state
1,0.0001,0.1,50,111696,0.9131886477462438,0.890929326655537,Random state
2,0.0001,0.1,50,111696,0.8881469115191987,0.890929326655537,Random state
0,0.0001,0.1,50,144796,0.8464106844741235,0.889259877573734,Random state
1,0.0001,0.1,50,144796,0.9131886477462438,0.889259877573734,Random state
2,0.0001,0.1,50,144796,0.9081803005008348,0.889259877573734,Random state
0,0.0001,0.1,50,540964,0.8480801335559266,0.8820255982192543,Random state
1,0.0001,0.1,50,540964,0.9098497495826378,0.8820255982192543,Random state
2,0.0001,0.1,50,540964,0.8881469115191987,0.8820255982192543,Random state
0,0.0001,0.1,50,556465,0.8731218697829716,0.8764607679465777,Random state
1,0.0001,0.1,50,556465,0.8881469115191987,0.8764607679465777,Random state
2,0.0001,0.1,50,556465,0.8681135225375626,0.8764607679465777,Random state
0,0.0001,0.1,50,439685,0.8330550918196995,0.8836950473010573,Random state
1,0.0001,0.1,50,439685,0.9282136894824707,0.8836950473010573,Random state
2,0.0001,0.1,50,439685,0.8898163606010017,0.8836950473010573,Random state
0,0.0001,0.1,50,297534,0.8714524207011686,0.884251530328325,Random state
1,0.0001,0.1,50,297534,0.8881469115191987,0.884251530328325,Random state
2,0.0001,0.1,50,297534,0.8931552587646077,0.884251530328325,Random state
0,0.0001,0.1,50,787925,0.8514190317195326,0.877573734001113,Random state
1,0.0001,0.1,50,787925,0.9048414023372288,0.877573734001113,Random state
2,0.0001,0.1,50,787925,0.8764607679465777,0.877573734001113,Random state
0,0.0001,0.1,50,642570,0.8747913188647746,0.8981636060100167,Random state
1,0.0001,0.1,50,642570,0.9165275459098498,0.8981636060100167,Random state
2,0.0001,0.1,50,642570,0.9031719532554258,0.8981636060100167,Random state
0,0.0001,0.1,50,728914,0.8914858096828047,0.900946021146355,Random state
1,0.0001,0.1,50,728914,0.9098497495826378,0.900946021146355,Random state
2,0.0001,0.1,50,728914,0.9015025041736227,0.900946021146355,Random state
0,0.0001,0.1,50,247490,0.8614357262103506,0.8914858096828047,Random state
1,0.0001,0.1,50,247490,0.9098497495826378,0.8914858096828047,Random state
2,0.0001,0.1,50,247490,0.9031719532554258,0.8914858096828047,Random state
0,0.0001,0.1,50,963850,0.8631051752921536,0.8736783528102393,Random state
1,0.0001,0.1,50,963850,0.8998330550918197,0.8736783528102393,Random state
2,0.0001,0.1,50,963850,0.8580968280467446,0.8736783528102393,Random state
0,0.0001,0.1,50,950308,0.8497495826377296,0.8770172509738453,Random state
1,0.0001,0.1,50,950308,0.9065108514190318,0.8770172509738453,Random state
2,0.0001,0.1,50,950308,0.8747913188647746,0.8770172509738453,Random state
0,0.0001,0.1,50,269494,0.8864774624373957,0.8970506399554813,Random state
1,0.0001,0.1,50,269494,0.9031719532554258,0.8970506399554813,Random state
2,0.0001,0.1,50,269494,0.9015025041736227,0.8970506399554813,Random state
0,0.0001,0.1,50,481187,0.8564273789649416,0.894268224819143,Random state
1,0.0001,0.1,50,481187,0.9198664440734557,0.894268224819143,Random state
2,0.0001,0.1,50,481187,0.9065108514190318,0.894268224819143,Random state
0,0.0001,0.1,50,154013,0.8881469115191987,0.8953811908736783,Random state
1,0.0001,0.1,50,154013,0.9215358931552587,0.8953811908736783,Random state
2,0.0001,0.1,50,154013,0.8764607679465777,0.8953811908736783,Random state
0,0.0001,0.1,50,363396,0.8113522537562604,0.8692264885920981,Random state
1,0.0001,0.1,50,363396,0.9098497495826378,0.8692264885920981,Random state
2,0.0001,0.1,50,363396,0.8864774624373957,0.8692264885920981,Random state
0,0.0001,0.1,50,438558,0.8781302170283807,0.8864774624373957,Random state
1,0.0001,0.1,50,438558,0.9031719532554258,0.8864774624373957,Random state
2,0.0001,0.1,50,438558,0.8781302170283807,0.8864774624373957,Random state
0,0.0001,0.1,50,271151,0.8764607679465777,0.8781302170283807,Random state
1,0.0001,0.1,50,271151,0.9048414023372288,0.8781302170283807,Random state
2,0.0001,0.1,50,271151,0.8530884808013356,0.8781302170283807,Random state
0,0.0001,0.1,50,338459,0.8631051752921536,0.8937117417918753,Random state
1,0.0001,0.1,50,338459,0.9165275459098498,0.8937117417918753,Random state
2,0.0001,0.1,50,338459,0.9015025041736227,0.8937117417918753,Random state
0,0.0001,0.1,50,649692,0.7979966611018364,0.8764607679465777,Random state
1,0.0001,0.1,50,649692,0.9148580968280468,0.8764607679465777,Random state
2,0.0001,0.1,50,649692,0.9165275459098498,0.8764607679465777,Random state
0,0.0001,0.1,50,803807,0.8447412353923205,0.879243183082916,Random state
1,0.0001,0.1,50,803807,0.8998330550918197,0.879243183082916,Random state
2,0.0001,0.1,50,803807,0.8931552587646077,0.879243183082916,Random state
